,alpha_2,best_OFwinsize,best_bilatfil_size,best_scale,gt_file,mag_file,ms_ssim,ms_ssim_best,ms_ssim_mag,orig_file,pb_alpha,pb_settings,psnr,psnr_best,psnr_mag,score,score_best,score_mag,scorebest_OFwinsize,sfm_best_file,sfm_default_file,ssim,ssim_best,ssim_mag,status,video_num,vmaf,vmaf_best,vmaf_mag
0,1,23.0,1,8,../momag-database/resultVideos/moveOnly2_downsize_4/mag0_plainbg_moveY_amp0.1_alpha160.mp4,../data/PhaseBasedResults/momag-database/small_motion/orig0_plainbg_moveY_amp0.1-FIRWindowBP-band1.00-14.00-sr30-alpha160-mp0-sigma0-scale1.00-frames1-90-octave.avi,0.8791808111111111,0.9342341,0.8784079111111112,../momag-database/resultVideos/moveOnly2_downsize_4/orig0_plainbg_moveY_amp0.1.mp4,160,,29.361739466666666,31.010778922222222,28.204459111111117,0.6763791792962962,0.7718467897037037,0.6130000419259259,,./from_PB/small_motion/v0_fromPB_s8_b1_w23_BEST.mp4,./from_PB/small_motion/v0_fromPB_s1_b1_w15_DEFAULT.mp4,0.8257979,0.8933605777777779,0.823048111111111,1,0,32.41588267777777,48.79456913333333,13.754410355555555
1,1,23.0,1,2,../momag-database/resultVideos/moveOnly2_downsize_4/mag1_texturebg_moveY_amp0.1_alpha160.mp4,../data/PhaseBasedResults/momag-database/small_motion/orig1_texturebg_moveY_amp0.1-FIRWindowBP-band1.00-14.00-sr30-alpha160-mp0-sigma0-scale1.00-frames1-90-octave.avi,0.9158848666666668,0.9298077222222222,0.926950388888889,../momag-database/resultVideos/moveOnly2_downsize_4/orig1_texturebg_moveY_amp0.1.mp4,160,,29.23897281111111,29.610266588888894,28.902034600000004,0.7632315411851853,0.7853009143333334,0.7273806088148148,,./from_PB/small_motion/v1_fromPB_s2_b1_w23_BEST.mp4,./from_PB/small_motion/v1_fromPB_s1_b1_w15_DEFAULT.mp4,0.8870505444444445,0.8983567555555556,0.8988564333333332,1,1,48.67592124444445,52.77382652222222,35.63350042222222
2,1,23.0,1,2,../momag-database/resultVideos/moveOnly2_downsize_4/mag2_texturebg_moveY_amp0.1_alpha160.mp4,../data/PhaseBasedResults/momag-database/small_motion/orig2_texturebg_moveY_amp0.1-FIRWindowBP-band1.00-14.00-sr30-alpha160-mp0-sigma0-scale1.00-frames1-90-octave.avi,0.8954417111111113,0.9142163777777778,0.9161676666666666,../momag-database/resultVideos/moveOnly2_downsize_4/orig2_texturebg_moveY_amp0.1.mp4,160,,30.077095099999998,29.79595351111111,29.159580166666668,0.7728781674074074,0.7919281372962962,0.7595673912222223,,./from_PB/small_motion/v2_fromPB_s2_b1_w23_BEST.mp4,./from_PB/small_motion/v2_fromPB_s1_b1_w15_DEFAULT.mp4,0.8699918444444443,0.8854815111111112,0.8893391777777778,1,2,55.32009466666667,57.608652299999996,47.31953292222222
3,1,23.0,1,8,../momag-database/resultVideos/moveOnly2_downsize_4/mag3_plainbg_moveY_amp0.2_alpha80.mp4,../data/PhaseBasedResults/momag-database/small_motion/orig3_plainbg_moveY_amp0.2-FIRWindowBP-band1.00-14.00-sr30-alpha80-mp0-sigma0-scale1.00-frames1-90-octave.avi,0.8597883555555557,0.9047082333333331,0.8804298333333334,../momag-database/resultVideos/moveOnly2_downsize_4/orig3_plainbg_moveY_amp0.2.mp4,80,,28.909520877777776,29.81077494444444,28.71144256666667,0.6215913964074075,0.6816986966296296,0.5968291727407408,,./from_PB/small_motion/v3_fromPB_s8_b1_w23_BEST.mp4,./from_PB/small_motion/v3_fromPB_s1_b1_w15_DEFAULT.mp4,0.8043464111111113,0.8471853555555556,0.8305350888888887,1,3,20.063942255555553,29.320250100000006,7.9522596000000005
4,1,15.0,1,1,../momag-database/resultVideos/moveOnly2_downsize_4/mag4_texturebg_moveY_amp0.2_alpha80.mp4,../data/PhaseBasedResults/momag-database/small_motion/orig4_texturebg_moveY_amp0.2-FIRWindowBP-band1.00-14.00-sr30-alpha80-mp0-sigma0-scale1.00-frames1-90-octave.avi,0.9306213999999998,0.9306213999999998,0.9354870777777778,../momag-database/resultVideos/moveOnly2_downsize_4/orig4_texturebg_moveY_amp0.2.mp4,80,,28.40139496666667,28.40139496666667,24.977671277777777,0.8763543595185185,0.8763543595185185,0.8548550894444444,,./from_PB/small_motion/v4_fromPB_s1_b1_w15_BEST.mp4,./from_PB/small_motion/v4_fromPB_s1_b1_w15_DEFAULT.mp4,0.9097257111111111,0.9097257111111111,0.9140296555555554,1,4,78.87159674444443,78.87159674444443,71.5048535
5,1,23.0,1,1,../momag-database/resultVideos/moveOnly2_downsize_4/mag5_texturebg_moveY_amp0.2_alpha80.mp4,../data/PhaseBasedResults/momag-database/small_motion/orig5_texturebg_moveY_amp0.2-FIRWindowBP-band1.00-14.00-sr30-alpha80-mp0-sigma0-scale1.00-frames1-90-octave.avi,0.9132963222222222,0.9170942333333334,0.8657486777777776,../momag-database/resultVideos/moveOnly2_downsize_4/orig5_texturebg_moveY_amp0.2.mp4,80,,22.150113944444442,22.5786702,22.35036453333333,0.698267503074074,0.7112834923333334,0.5923033761851852,,./from_PB/small_motion/v5_fromPB_s1_b1_w23_BEST.mp4,./from_PB/small_motion/v5_fromPB_s1_b1_w15_DEFAULT.mp4,0.8706038666666666,0.8748095555555556,0.8409965333333336,1,5,31.090232033333333,34.194668811111114,7.016491744444444
6,1,23.0,1,4,../momag-database/resultVideos/moveOnly2_downsize_4/mag6_plainbg_moveY_amp0.4_alpha40.mp4,../data/PhaseBasedResults/momag-database/small_motion/orig6_plainbg_moveY_amp0.4-FIRWindowBP-band1.00-14.00-sr30-alpha40-mp0-sigma0-scale1.00-frames1-90-octave.avi,0.8598771444444444,0.9194696888888889,0.8627567666666667,../momag-database/resultVideos/moveOnly2_downsize_4/orig6_plainbg_moveY_amp0.4.mp4,40,,27.356343755555553,29.8533588,27.170257022222223,0.651905269037037,0.7536203380740741,0.604810282,,./from_PB/small_motion/v6_fromPB_s4_b1_w23_BEST.mp4,./from_PB/small_motion/v6_fromPB_s1_b1_w15_DEFAULT.mp4,0.8132082222222222,0.8858799222222221,0.8025531777777777,1,6,28.263044044444445,45.551140311111105,14.912090155555557
7,1,15.0,1,2,../momag-database/resultVideos/moveOnly2_downsize_4/mag7_texturebg_moveY_amp0.4_alpha40.mp4,../data/PhaseBasedResults/momag-database/small_motion/orig7_texturebg_moveY_amp0.4-FIRWindowBP-band1.00-14.00-sr30-alpha40-mp0-sigma0-scale1.00-frames1-90-octave.avi,0.7808005222222224,0.7908917333333335,0.8091568222222223,../momag-database/resultVideos/moveOnly2_downsize_4/orig7_texturebg_moveY_amp0.4.mp4,40,,26.196839,26.039300066666666,25.21009574444444,0.6284092776296297,0.6298637086666667,0.6271300587777778,,./from_PB/small_motion/v7_fromPB_s2_b1_w15_BEST.mp4,./from_PB/small_motion/v7_fromPB_s1_b1_w15_DEFAULT.mp4,0.7267525222222222,0.7304626444444444,0.7562060444444444,1,7,37.76747884444445,36.82367482222222,31.60273096666667
8,1,23.0,1,1,../momag-database/resultVideos/moveOnly2_downsize_4/mag8_texturebg_moveY_amp0.4_alpha40.mp4,../data/PhaseBasedResults/momag-database/small_motion/orig8_texturebg_moveY_amp0.4-FIRWindowBP-band1.00-14.00-sr30-alpha40-mp0-sigma0-scale1.00-frames1-90-octave.avi,0.9090932777777779,0.9089779555555555,0.9034255555555555,../momag-database/resultVideos/moveOnly2_downsize_4/orig8_texturebg_moveY_amp0.4.mp4,40,,27.440227255555556,27.40656298888889,25.558912622222223,0.8051973506666666,0.8064224436296296,0.7633425921851852,,./from_PB/small_motion/v8_fromPB_s1_b1_w23_BEST.mp4,./from_PB/small_motion/v8_fromPB_s1_b1_w15_DEFAULT.mp4,0.8489329555555555,0.8499657,0.8436061666666667,1,8,65.75658186666668,66.03236753333333,54.29960543333333
9,1,23.0,1,8,../momag-database/resultVideos/moveOnly2_downsize_4/mag9_plainbg_moveX_amp0.1_alpha160.mp4,../data/PhaseBasedResults/momag-database/small_motion/orig9_plainbg_moveX_amp0.1-FIRWindowBP-band1.00-14.00-sr30-alpha160-mp0-sigma0-scale1.00-frames1-90-octave.avi,0.9019132666666667,0.9316866111111111,0.8966253888888888,../momag-database/resultVideos/moveOnly2_downsize_4/orig9_plainbg_moveX_amp0.1.mp4,160,,27.988804222222225,29.53536642222222,28.327501344444443,0.658742491,0.730299419074074,0.6110906002222222,,./from_PB/small_motion/v9_fromPB_s8_b1_w23_BEST.mp4,./from_PB/small_motion/v9_fromPB_s1_b1_w15_DEFAULT.mp4,0.8689529000000001,0.9004855777777776,0.8658512,1,9,20.536130633333332,35.872606833333336,7.079521177777777
10,1,23.0,1,1,../momag-database/resultVideos/moveOnly2_downsize_4/mag10_texturebg_moveX_amp0.1_alpha160.mp4,../data/PhaseBasedResults/momag-database/small_motion/orig10_texturebg_moveX_amp0.1-FIRWindowBP-band1.00-14.00-sr30-alpha160-mp0-sigma0-scale1.00-frames1-90-octave.avi,0.8233001222222224,0.8293246666666666,0.8115401222222223,../momag-database/resultVideos/moveOnly2_downsize_4/orig10_texturebg_moveX_amp0.1.mp4,160,,24.78417138888889,24.91544976666667,24.042378744444445,0.6696564686666667,0.6785231516296295,0.6179302936296296,,./from_PB/small_motion/v10_fromPB_s1_b1_w23_BEST.mp4,./from_PB/small_motion/v10_fromPB_s1_b1_w15_DEFAULT.mp4,0.7436794777777778,0.7513276444444442,0.7417677222222222,1,10,44.1989806,45.49171437777778,30.04830364444445
11,1,15.0,1,4,../momag-database/resultVideos/moveOnly2_downsize_4/mag11_texturebg_moveX_amp0.1_alpha160.mp4,../data/PhaseBasedResults/momag-database/small_motion/orig11_texturebg_moveX_amp0.1-FIRWindowBP-band1.00-14.00-sr30-alpha160-mp0-sigma0-scale1.00-frames1-90-octave.avi,0.8207700999999998,0.8437419666666666,0.8231145888888889,../momag-database/resultVideos/moveOnly2_downsize_4/orig11_texturebg_moveX_amp0.1.mp4,160,,24.25739723333334,24.86658982222223,24.235784022222223,0.610837270074074,0.6487229583703703,0.5741165389259258,,./from_PB/small_motion/v11_fromPB_s4_b1_w15_BEST.mp4,./from_PB/small_motion/v11_fromPB_s1_b1_w15_DEFAULT.mp4,0.7560754111111109,0.781825411111111,0.755208811111111,1,11,25.566629911111107,32.06014973333333,14.402621677777779
12,1,23.0,1,4,../momag-database/resultVideos/moveOnly2_downsize_4/mag12_plainbg_moveX_amp0.2_alpha80.mp4,../data/PhaseBasedResults/momag-database/small_motion/orig12_plainbg_moveX_amp0.2-FIRWindowBP-band1.00-14.00-sr30-alpha80-mp0-sigma0-scale1.00-frames1-90-octave.avi,0.8404631888888889,0.8805244555555555,0.8664341333333334,../momag-database/resultVideos/moveOnly2_downsize_4/orig12_plainbg_moveX_amp0.2.mp4,80,,28.320603044444443,29.62901482222222,28.532156277777776,0.6084157332592594,0.6595283335555555,0.5972673792222222,,./from_PB/small_motion/v12_fromPB_s4_b1_w23_BEST.mp4,./from_PB/small_motion/v12_fromPB_s1_b1_w15_DEFAULT.mp4,0.7859368888888889,0.8279075777777777,0.8158638999999999,1,12,19.8847122,27.015296733333333,10.950410433333333
13,1,23.0,1,4,../momag-database/resultVideos/moveOnly2_downsize_4/mag13_texturebg_moveX_amp0.2_alpha80.mp4,../data/PhaseBasedResults/momag-database/small_motion/orig13_texturebg_moveX_amp0.2-FIRWindowBP-band1.00-14.00-sr30-alpha80-mp0-sigma0-scale1.00-frames1-90-octave.avi,0.7400327777777779,0.7510386777777779,0.758198322222222,../momag-database/resultVideos/moveOnly2_downsize_4/orig13_texturebg_moveX_amp0.2.mp4,80,,23.410780288888887,23.70986564444444,23.605907311111114,0.5273395723333334,0.5431333948148148,0.5164053772592593,,./from_PB/small_motion/v13_fromPB_s4_b1_w23_BEST.mp4,./from_PB/small_motion/v13_fromPB_s1_b1_w15_DEFAULT.mp4,0.6699756111111111,0.6727053222222222,0.6870247333333334,1,13,17.201032811111112,20.565618444444443,10.399307622222222
14,1,7.0,1,2,../momag-database/resultVideos/moveOnly2_downsize_4/mag14_texturebg_moveX_amp0.2_alpha80.mp4,../data/PhaseBasedResults/momag-database/small_motion/orig14_texturebg_moveX_amp0.2-FIRWindowBP-band1.00-14.00-sr30-alpha80-mp0-sigma0-scale1.00-frames1-90-octave.avi,0.7352594555555557,0.7437349666666667,0.7626193444444443,../momag-database/resultVideos/moveOnly2_downsize_4/orig14_texturebg_moveX_amp0.2.mp4,80,,26.19539538888889,26.214468611111116,26.564778799999996,0.5474929680370372,0.5508435593703704,0.5526666668148148,,./from_PB/small_motion/v14_fromPB_s2_b1_w7_BEST.mp4,./from_PB/small_motion/v14_fromPB_s1_b1_w15_DEFAULT.mp4,0.6740826111111111,0.6795410888888889,0.7020580111111111,1,14,23.313683744444447,22.92546225555555,19.332264488888892
15,1,23.0,1,4,../momag-database/resultVideos/moveOnly2_downsize_4/mag15_plainbg_moveX_amp0.4_alpha40.mp4,../data/PhaseBasedResults/momag-database/small_motion/orig15_plainbg_moveX_amp0.4-FIRWindowBP-band1.00-14.00-sr30-alpha40-mp0-sigma0-scale1.00-frames1-90-octave.avi,0.919722088888889,0.9738089777777778,0.9597230222222223,../momag-database/resultVideos/moveOnly2_downsize_4/orig15_plainbg_moveX_amp0.4.mp4,40,,32.3648453,36.5068859,32.79012295555555,0.713031439148148,0.8395560960370371,0.7206220893703704,,./from_PB/small_motion/v15_fromPB_s4_b1_w23_BEST.mp4,./from_PB/small_motion/v15_fromPB_s1_b1_w15_DEFAULT.mp4,0.9115967888888887,0.9597144666666668,0.9441141222222222,1,15,30.777543966666663,58.51448436666667,25.802912366666668
16,1,15.0,1,2,../momag-database/resultVideos/moveOnly2_downsize_4/mag16_texturebg_moveX_amp0.4_alpha40.mp4,../data/PhaseBasedResults/momag-database/small_motion/orig16_texturebg_moveX_amp0.4-FIRWindowBP-band1.00-14.00-sr30-alpha40-mp0-sigma0-scale1.00-frames1-90-octave.avi,0.9038652222222224,0.9138463888888888,0.9162369777777779,../momag-database/resultVideos/moveOnly2_downsize_4/orig16_texturebg_moveX_amp0.4.mp4,40,,27.20367268888889,27.328305988888886,26.619663066666664,0.7332877748148148,0.7437132005185184,0.7105254780740742,,./from_PB/small_motion/v16_fromPB_s2_b1_w15_BEST.mp4,./from_PB/small_motion/v16_fromPB_s1_b1_w15_DEFAULT.mp4,0.8727977555555555,0.8803554222222222,0.8839598777777777,1,16,42.32003466666667,43.69377904444445,33.13795786666667
17,1,15.0,1,2,../momag-database/resultVideos/moveOnly2_downsize_4/mag17_texturebg_moveX_amp0.4_alpha40.mp4,../data/PhaseBasedResults/momag-database/small_motion/orig17_texturebg_moveX_amp0.4-FIRWindowBP-band1.00-14.00-sr30-alpha40-mp0-sigma0-scale1.00-frames1-90-octave.avi,0.8955640666666665,0.903663611111111,0.9124940000000001,../momag-database/resultVideos/moveOnly2_downsize_4/orig17_texturebg_moveX_amp0.4.mp4,40,,28.09809594444444,27.692365466666665,26.413822799999995,0.7417680148148147,0.744671748925926,0.7211343541111112,,./from_PB/small_motion/v17_fromPB_s2_b1_w15_BEST.mp4,./from_PB/small_motion/v17_fromPB_s1_b1_w15_DEFAULT.mp4,0.8449384999999998,0.8494835111111112,0.8638678111111111,1,17,48.48014777777777,48.08681245555556,38.70412512222222
18,1,23.0,1,8,../momag-database/resultVideos/moveOnly2_downsize_4/mag18_plainbg_moveXY_amp0.1_alpha160.mp4,../data/PhaseBasedResults/momag-database/small_motion/orig18_plainbg_moveXY_amp0.1-FIRWindowBP-band1.00-14.00-sr30-alpha160-mp0-sigma0-scale1.00-frames1-90-octave.avi,0.8529219444444445,0.8912376,0.8772785888888889,../momag-database/resultVideos/moveOnly2_downsize_4/orig18_plainbg_moveXY_amp0.1.mp4,160,,25.119586555555557,26.72848591111111,25.744837955555553,0.6061034916296296,0.6529425508148149,0.5949510572592593,,./from_PB/small_motion/v18_fromPB_s8_b1_w23_BEST.mp4,./from_PB/small_motion/v18_fromPB_s1_b1_w15_DEFAULT.mp4,0.8367821777777776,0.8672286111111112,0.8496662777777779,1,18,12.860635266666668,20.036144133333334,5.790830511111111
19,1,23.0,1,2,../momag-database/resultVideos/moveOnly2_downsize_4/mag19_texturebg_moveXY_amp0.1_alpha160.mp4,../data/PhaseBasedResults/momag-database/small_motion/orig19_texturebg_moveXY_amp0.1-FIRWindowBP-band1.00-14.00-sr30-alpha160-mp0-sigma0-scale1.00-frames1-90-octave.avi,0.7767981111111112,0.8195021,0.7679683222222223,../momag-database/resultVideos/moveOnly2_downsize_4/orig19_texturebg_moveXY_amp0.1.mp4,160,,26.13376397777778,26.864456288888885,26.241950322222223,0.6072430953703704,0.6492502647407408,0.5484931051851852,,./from_PB/small_motion/v19_fromPB_s2_b1_w23_BEST.mp4,./from_PB/small_motion/v19_fromPB_s1_b1_w15_DEFAULT.mp4,0.7026662333333333,0.7440543555555558,0.6981763,1,19,34.22649416666666,38.419433866666665,17.93346933333333
20,1,23.0,1,4,../momag-database/resultVideos/moveOnly2_downsize_4/mag20_texturebg_moveXY_amp0.1_alpha160.mp4,../data/PhaseBasedResults/momag-database/small_motion/orig20_texturebg_moveXY_amp0.1-FIRWindowBP-band1.00-14.00-sr30-alpha160-mp0-sigma0-scale1.00-frames1-90-octave.avi,0.7556471555555555,0.8296859222222221,0.7911645111111112,../momag-database/resultVideos/moveOnly2_downsize_4/orig20_texturebg_moveXY_amp0.1.mp4,160,,24.70422455555556,25.58622624444444,25.357483466666665,0.524748039,0.5972970667407408,0.5112710018148149,,./from_PB/small_motion/v20_fromPB_s4_b1_w23_BEST.mp4,./from_PB/small_motion/v20_fromPB_s1_b1_w15_DEFAULT.mp4,0.6890528222222221,0.7455355000000002,0.7290970444444447,1,20,12.954413922222223,21.6669778,1.3551449888888891
21,1,23.0,1,8,../momag-database/resultVideos/moveOnly2_downsize_4/mag21_plainbg_moveXY_amp0.2_alpha80.mp4,../data/PhaseBasedResults/momag-database/small_motion/orig21_plainbg_moveXY_amp0.2-FIRWindowBP-band1.00-14.00-sr30-alpha80-mp0-sigma0-scale1.00-frames1-90-octave.avi,0.7334685666666666,0.7694958999999999,0.7725107111111111,../momag-database/resultVideos/moveOnly2_downsize_4/orig21_plainbg_moveXY_amp0.2.mp4,80,,22.796133144444447,23.676258277777773,23.673215911111114,0.502218268962963,0.5372301347777778,0.5079037465925926,,./from_PB/small_motion/v21_fromPB_s8_b1_w23_BEST.mp4,./from_PB/small_motion/v21_fromPB_s1_b1_w15_DEFAULT.mp4,0.6722150333333333,0.7023063333333334,0.7099933111111111,1,21,10.09712068888889,13.988817100000004,4.1207217555555555
22,1,15.0,1,4,../momag-database/resultVideos/moveOnly2_downsize_4/mag22_texturebg_moveXY_amp0.2_alpha80.mp4,../data/PhaseBasedResults/momag-database/small_motion/orig22_texturebg_moveXY_amp0.2-FIRWindowBP-band1.00-14.00-sr30-alpha80-mp0-sigma0-scale1.00-frames1-90-octave.avi,0.7302224222222223,0.7705559888888889,0.7349076222222222,../momag-database/resultVideos/moveOnly2_downsize_4/orig22_texturebg_moveXY_amp0.2.mp4,80,,20.59586291111111,21.471998555555558,21.2705187,0.5535915218518519,0.5910023298888889,0.526174455037037,,./from_PB/small_motion/v22_fromPB_s4_b1_w15_BEST.mp4,./from_PB/small_motion/v22_fromPB_s1_b1_w15_DEFAULT.mp4,0.6577917555555555,0.7041060222222223,0.6539381222222223,1,22,27.27603877777778,29.834497855555558,18.96776206666667
23,1,23.0,1,4,../momag-database/resultVideos/moveOnly2_downsize_4/mag23_texturebg_moveXY_amp0.2_alpha80.mp4,../data/PhaseBasedResults/momag-database/small_motion/orig23_texturebg_moveXY_amp0.2-FIRWindowBP-band1.00-14.00-sr30-alpha80-mp0-sigma0-scale1.00-frames1-90-octave.avi,0.821971322222222,0.8646311111111111,0.8469434888888888,../momag-database/resultVideos/moveOnly2_downsize_4/orig23_texturebg_moveXY_amp0.2.mp4,80,,26.105957877777783,27.464771933333335,26.627137677777775,0.6090607225185184,0.6642490764814816,0.5821659881111111,,./from_PB/small_motion/v23_fromPB_s4_b1_w23_BEST.mp4,./from_PB/small_motion/v23_fromPB_s1_b1_w15_DEFAULT.mp4,0.7761707333333332,0.8145303444444445,0.8053009222222222,1,23,22.904011199999992,31.358577388888893,9.425355322222222
24,1,23.0,1,4,../momag-database/resultVideos/moveOnly2_downsize_4/mag24_plainbg_moveXY_amp0.4_alpha40.mp4,../data/PhaseBasedResults/momag-database/small_motion/orig24_plainbg_moveXY_amp0.4-FIRWindowBP-band1.00-14.00-sr30-alpha40-mp0-sigma0-scale1.00-frames1-90-octave.avi,0.7722945444444446,0.9008583777777779,0.8267973888888888,../momag-database/resultVideos/moveOnly2_downsize_4/orig24_plainbg_moveXY_amp0.4.mp4,40,,26.31836528888889,29.644180011111114,27.207034366666665,0.5608745425555556,0.7079643016296298,0.5571133385185184,,./from_PB/small_motion/v24_fromPB_s4_b1_w23_BEST.mp4,./from_PB/small_motion/v24_fromPB_s1_b1_w15_DEFAULT.mp4,0.7140810888888889,0.8527648111111111,0.7605491888888888,1,24,19.624799433333337,37.0269716,8.399343777777778
25,1,7.0,1,1,../momag-database/resultVideos/moveOnly2_downsize_4/mag25_texturebg_moveXY_amp0.4_alpha40.mp4,../data/PhaseBasedResults/momag-database/small_motion/orig25_texturebg_moveXY_amp0.4-FIRWindowBP-band1.00-14.00-sr30-alpha40-mp0-sigma0-scale1.00-frames1-90-octave.avi,0.6752532666666667,0.6806969,0.7009691888888889,../momag-database/resultVideos/moveOnly2_downsize_4/orig25_texturebg_moveXY_amp0.4.mp4,40,,19.06042403333333,19.0823521,20.44567938888889,0.4668048811851852,0.4693979997037037,0.471182875,,./from_PB/small_motion/v25_fromPB_s1_b1_w7_BEST.mp4,./from_PB/small_motion/v25_fromPB_s1_b1_w15_DEFAULT.mp4,0.5954784999999999,0.6063028666666667,0.6409895222222222,1,25,12.96828768888889,12.119423244444445,7.1589913888888885
26,1,7.0,1,4,../momag-database/resultVideos/moveOnly2_downsize_4/mag26_texturebg_moveXY_amp0.4_alpha40.mp4,../data/PhaseBasedResults/momag-database/small_motion/orig26_texturebg_moveXY_amp0.4-FIRWindowBP-band1.00-14.00-sr30-alpha40-mp0-sigma0-scale1.00-frames1-90-octave.avi,0.6360050222222222,0.6605415444444445,0.6729978555555556,../momag-database/resultVideos/moveOnly2_downsize_4/orig26_texturebg_moveXY_amp0.4.mp4,40,,20.15349056666667,20.360872688888886,21.309128644444442,0.426949219,0.44700444103703707,0.4302817058148148,,./from_PB/small_motion/v26_fromPB_s4_b1_w7_BEST.mp4,./from_PB/small_motion/v26_fromPB_s1_b1_w15_DEFAULT.mp4,0.5288111444444444,0.5444492777777779,0.5733869444444444,1,26,11.603149033333334,13.602250088888892,4.446031744444444
27,1,23.0,1,8,../momag-database/resultVideos/moveOnly2_downsize_4/mag0_plainbg_moveY_amp0.1_alpha160.mp4,../data/PhaseBasedResults/momag-database/small_motion_quarter/orig0_plainbg_moveY_amp0.1-FIRWindowBP-band1.00-14.00-sr30-alpha160-mp0-sigma0-scale1.00-frames1-90-octave.avi,0.8791808111111111,0.9342341,0.8784079111111112,../momag-database/resultVideos/moveOnly2_downsize_4/orig0_plainbg_moveY_amp0.1.mp4,160,_quarter,29.361739466666666,31.010778922222222,28.204459111111117,0.6763791792962962,0.7718467897037037,0.6130000419259259,,./from_PB/small_motion_quarter/v0_fromPB_quarter_s8_b1_w23_BEST.mp4,./from_PB/small_motion_quarter/v0_fromPB_quarter_s1_b1_w15_DEFAULT.mp4,0.8257979,0.8933605777777779,0.823048111111111,1,0,32.41588267777777,48.79456913333333,13.754410355555555
28,1,23.0,1,2,../momag-database/resultVideos/moveOnly2_downsize_4/mag1_texturebg_moveY_amp0.1_alpha160.mp4,../data/PhaseBasedResults/momag-database/small_motion_quarter/orig1_texturebg_moveY_amp0.1-FIRWindowBP-band1.00-14.00-sr30-alpha160-mp0-sigma0-scale1.00-frames1-90-octave.avi,0.9158848666666668,0.9298077222222222,0.926950388888889,../momag-database/resultVideos/moveOnly2_downsize_4/orig1_texturebg_moveY_amp0.1.mp4,160,_quarter,29.23897281111111,29.610266588888894,28.902034600000004,0.7632315411851853,0.7853009143333334,0.7273806088148148,,./from_PB/small_motion_quarter/v1_fromPB_quarter_s2_b1_w23_BEST.mp4,./from_PB/small_motion_quarter/v1_fromPB_quarter_s1_b1_w15_DEFAULT.mp4,0.8870505444444445,0.8983567555555556,0.8988564333333332,1,1,48.67592124444445,52.77382652222222,35.63350042222222
29,1,23.0,1,2,../momag-database/resultVideos/moveOnly2_downsize_4/mag2_texturebg_moveY_amp0.1_alpha160.mp4,../data/PhaseBasedResults/momag-database/small_motion_quarter/orig2_texturebg_moveY_amp0.1-FIRWindowBP-band1.00-14.00-sr30-alpha160-mp0-sigma0-scale1.00-frames1-90-octave.avi,0.8954417111111113,0.9142163777777778,0.9161676666666666,../momag-database/resultVideos/moveOnly2_downsize_4/orig2_texturebg_moveY_amp0.1.mp4,160,_quarter,30.077095099999998,29.79595351111111,29.159580166666668,0.7728781674074074,0.7919281372962962,0.7595673912222223,,./from_PB/small_motion_quarter/v2_fromPB_quarter_s2_b1_w23_BEST.mp4,./from_PB/small_motion_quarter/v2_fromPB_quarter_s1_b1_w15_DEFAULT.mp4,0.8699918444444443,0.8854815111111112,0.8893391777777778,1,2,55.32009466666667,57.608652299999996,47.31953292222222
30,1,23.0,1,8,../momag-database/resultVideos/moveOnly2_downsize_4/mag3_plainbg_moveY_amp0.2_alpha80.mp4,../data/PhaseBasedResults/momag-database/small_motion_quarter/orig3_plainbg_moveY_amp0.2-FIRWindowBP-band1.00-14.00-sr30-alpha80-mp0-sigma0-scale1.00-frames1-90-octave.avi,0.8597883555555557,0.9047082333333331,0.8804298333333334,../momag-database/resultVideos/moveOnly2_downsize_4/orig3_plainbg_moveY_amp0.2.mp4,80,_quarter,28.909520877777776,29.81077494444444,28.71144256666667,0.6215913964074075,0.6816986966296296,0.5968291727407408,,./from_PB/small_motion_quarter/v3_fromPB_quarter_s8_b1_w23_BEST.mp4,./from_PB/small_motion_quarter/v3_fromPB_quarter_s1_b1_w15_DEFAULT.mp4,0.8043464111111113,0.8471853555555556,0.8305350888888887,1,3,20.063942255555553,29.320250100000006,7.9522596000000005
31,1,15.0,1,1,../momag-database/resultVideos/moveOnly2_downsize_4/mag4_texturebg_moveY_amp0.2_alpha80.mp4,../data/PhaseBasedResults/momag-database/small_motion_quarter/orig4_texturebg_moveY_amp0.2-FIRWindowBP-band1.00-14.00-sr30-alpha80-mp0-sigma0-scale1.00-frames1-90-octave.avi,0.9306213999999998,0.9306213999999998,0.9354870777777778,../momag-database/resultVideos/moveOnly2_downsize_4/orig4_texturebg_moveY_amp0.2.mp4,80,_quarter,28.40139496666667,28.40139496666667,24.977671277777777,0.8763543595185185,0.8763543595185185,0.8548550894444444,,./from_PB/small_motion_quarter/v4_fromPB_quarter_s1_b1_w15_BEST.mp4,./from_PB/small_motion_quarter/v4_fromPB_quarter_s1_b1_w15_DEFAULT.mp4,0.9097257111111111,0.9097257111111111,0.9140296555555554,1,4,78.87159674444443,78.87159674444443,71.5048535
32,1,23.0,1,1,../momag-database/resultVideos/moveOnly2_downsize_4/mag5_texturebg_moveY_amp0.2_alpha80.mp4,../data/PhaseBasedResults/momag-database/small_motion_quarter/orig5_texturebg_moveY_amp0.2-FIRWindowBP-band1.00-14.00-sr30-alpha80-mp0-sigma0-scale1.00-frames1-90-octave.avi,0.9132963222222222,0.9170942333333334,0.8657486777777776,../momag-database/resultVideos/moveOnly2_downsize_4/orig5_texturebg_moveY_amp0.2.mp4,80,_quarter,22.150113944444442,22.5786702,22.35036453333333,0.698267503074074,0.7112834923333334,0.5923033761851852,,./from_PB/small_motion_quarter/v5_fromPB_quarter_s1_b1_w23_BEST.mp4,./from_PB/small_motion_quarter/v5_fromPB_quarter_s1_b1_w15_DEFAULT.mp4,0.8706038666666666,0.8748095555555556,0.8409965333333336,1,5,31.090232033333333,34.194668811111114,7.016491744444444
33,1,23.0,1,4,../momag-database/resultVideos/moveOnly2_downsize_4/mag6_plainbg_moveY_amp0.4_alpha40.mp4,../data/PhaseBasedResults/momag-database/small_motion_quarter/orig6_plainbg_moveY_amp0.4-FIRWindowBP-band1.00-14.00-sr30-alpha40-mp0-sigma0-scale1.00-frames1-90-octave.avi,0.8598771444444444,0.9194696888888889,0.8627567666666667,../momag-database/resultVideos/moveOnly2_downsize_4/orig6_plainbg_moveY_amp0.4.mp4,40,_quarter,27.356343755555553,29.8533588,27.170257022222223,0.651905269037037,0.7536203380740741,0.604810282,,./from_PB/small_motion_quarter/v6_fromPB_quarter_s4_b1_w23_BEST.mp4,./from_PB/small_motion_quarter/v6_fromPB_quarter_s1_b1_w15_DEFAULT.mp4,0.8132082222222222,0.8858799222222221,0.8025531777777777,1,6,28.263044044444445,45.551140311111105,14.912090155555557
34,1,15.0,1,2,../momag-database/resultVideos/moveOnly2_downsize_4/mag7_texturebg_moveY_amp0.4_alpha40.mp4,../data/PhaseBasedResults/momag-database/small_motion_quarter/orig7_texturebg_moveY_amp0.4-FIRWindowBP-band1.00-14.00-sr30-alpha40-mp0-sigma0-scale1.00-frames1-90-octave.avi,0.7808005222222224,0.7908917333333335,0.8091568222222223,../momag-database/resultVideos/moveOnly2_downsize_4/orig7_texturebg_moveY_amp0.4.mp4,40,_quarter,26.196839,26.039300066666666,25.21009574444444,0.6284092776296297,0.6298637086666667,0.6271300587777778,,./from_PB/small_motion_quarter/v7_fromPB_quarter_s2_b1_w15_BEST.mp4,./from_PB/small_motion_quarter/v7_fromPB_quarter_s1_b1_w15_DEFAULT.mp4,0.7267525222222222,0.7304626444444444,0.7562060444444444,1,7,37.76747884444445,36.82367482222222,31.60273096666667
35,1,23.0,1,1,../momag-database/resultVideos/moveOnly2_downsize_4/mag8_texturebg_moveY_amp0.4_alpha40.mp4,../data/PhaseBasedResults/momag-database/small_motion_quarter/orig8_texturebg_moveY_amp0.4-FIRWindowBP-band1.00-14.00-sr30-alpha40-mp0-sigma0-scale1.00-frames1-90-octave.avi,0.9090932777777779,0.9089779555555555,0.9034255555555555,../momag-database/resultVideos/moveOnly2_downsize_4/orig8_texturebg_moveY_amp0.4.mp4,40,_quarter,27.440227255555556,27.40656298888889,25.558912622222223,0.8051973506666666,0.8064224436296296,0.7633425921851852,,./from_PB/small_motion_quarter/v8_fromPB_quarter_s1_b1_w23_BEST.mp4,./from_PB/small_motion_quarter/v8_fromPB_quarter_s1_b1_w15_DEFAULT.mp4,0.8489329555555555,0.8499657,0.8436061666666667,1,8,65.75658186666668,66.03236753333333,54.29960543333333
36,1,23.0,1,8,../momag-database/resultVideos/moveOnly2_downsize_4/mag9_plainbg_moveX_amp0.1_alpha160.mp4,../data/PhaseBasedResults/momag-database/small_motion_quarter/orig9_plainbg_moveX_amp0.1-FIRWindowBP-band1.00-14.00-sr30-alpha160-mp0-sigma0-scale1.00-frames1-90-octave.avi,0.9019132666666667,0.9316866111111111,0.8966253888888888,../momag-database/resultVideos/moveOnly2_downsize_4/orig9_plainbg_moveX_amp0.1.mp4,160,_quarter,27.988804222222225,29.53536642222222,28.327501344444443,0.658742491,0.730299419074074,0.6110906002222222,,./from_PB/small_motion_quarter/v9_fromPB_quarter_s8_b1_w23_BEST.mp4,./from_PB/small_motion_quarter/v9_fromPB_quarter_s1_b1_w15_DEFAULT.mp4,0.8689529000000001,0.9004855777777776,0.8658512,1,9,20.536130633333332,35.872606833333336,7.079521177777777
37,1,23.0,1,1,../momag-database/resultVideos/moveOnly2_downsize_4/mag10_texturebg_moveX_amp0.1_alpha160.mp4,../data/PhaseBasedResults/momag-database/small_motion_quarter/orig10_texturebg_moveX_amp0.1-FIRWindowBP-band1.00-14.00-sr30-alpha160-mp0-sigma0-scale1.00-frames1-90-octave.avi,0.8233001222222224,0.8293246666666666,0.8115401222222223,../momag-database/resultVideos/moveOnly2_downsize_4/orig10_texturebg_moveX_amp0.1.mp4,160,_quarter,24.78417138888889,24.91544976666667,24.042378744444445,0.6696564686666667,0.6785231516296295,0.6179302936296296,,./from_PB/small_motion_quarter/v10_fromPB_quarter_s1_b1_w23_BEST.mp4,./from_PB/small_motion_quarter/v10_fromPB_quarter_s1_b1_w15_DEFAULT.mp4,0.7436794777777778,0.7513276444444442,0.7417677222222222,1,10,44.1989806,45.49171437777778,30.04830364444445
38,1,15.0,1,4,../momag-database/resultVideos/moveOnly2_downsize_4/mag11_texturebg_moveX_amp0.1_alpha160.mp4,../data/PhaseBasedResults/momag-database/small_motion_quarter/orig11_texturebg_moveX_amp0.1-FIRWindowBP-band1.00-14.00-sr30-alpha160-mp0-sigma0-scale1.00-frames1-90-octave.avi,0.8207700999999998,0.8437419666666666,0.8231145888888889,../momag-database/resultVideos/moveOnly2_downsize_4/orig11_texturebg_moveX_amp0.1.mp4,160,_quarter,24.25739723333334,24.86658982222223,24.235784022222223,0.610837270074074,0.6487229583703703,0.5741165389259258,,./from_PB/small_motion_quarter/v11_fromPB_quarter_s4_b1_w15_BEST.mp4,./from_PB/small_motion_quarter/v11_fromPB_quarter_s1_b1_w15_DEFAULT.mp4,0.7560754111111109,0.781825411111111,0.755208811111111,1,11,25.566629911111107,32.06014973333333,14.402621677777779
39,1,23.0,1,4,../momag-database/resultVideos/moveOnly2_downsize_4/mag12_plainbg_moveX_amp0.2_alpha80.mp4,../data/PhaseBasedResults/momag-database/small_motion_quarter/orig12_plainbg_moveX_amp0.2-FIRWindowBP-band1.00-14.00-sr30-alpha80-mp0-sigma0-scale1.00-frames1-90-octave.avi,0.8404631888888889,0.8805244555555555,0.8664341333333334,../momag-database/resultVideos/moveOnly2_downsize_4/orig12_plainbg_moveX_amp0.2.mp4,80,_quarter,28.320603044444443,29.62901482222222,28.532156277777776,0.6084157332592594,0.6595283335555555,0.5972673792222222,,./from_PB/small_motion_quarter/v12_fromPB_quarter_s4_b1_w23_BEST.mp4,./from_PB/small_motion_quarter/v12_fromPB_quarter_s1_b1_w15_DEFAULT.mp4,0.7859368888888889,0.8279075777777777,0.8158638999999999,1,12,19.8847122,27.015296733333333,10.950410433333333
40,1,23.0,1,4,../momag-database/resultVideos/moveOnly2_downsize_4/mag13_texturebg_moveX_amp0.2_alpha80.mp4,../data/PhaseBasedResults/momag-database/small_motion_quarter/orig13_texturebg_moveX_amp0.2-FIRWindowBP-band1.00-14.00-sr30-alpha80-mp0-sigma0-scale1.00-frames1-90-octave.avi,0.7400327777777779,0.7510386777777779,0.758198322222222,../momag-database/resultVideos/moveOnly2_downsize_4/orig13_texturebg_moveX_amp0.2.mp4,80,_quarter,23.410780288888887,23.70986564444444,23.605907311111114,0.5273395723333334,0.5431333948148148,0.5164053772592593,,./from_PB/small_motion_quarter/v13_fromPB_quarter_s4_b1_w23_BEST.mp4,./from_PB/small_motion_quarter/v13_fromPB_quarter_s1_b1_w15_DEFAULT.mp4,0.6699756111111111,0.6727053222222222,0.6870247333333334,1,13,17.201032811111112,20.565618444444443,10.399307622222222
41,1,7.0,1,2,../momag-database/resultVideos/moveOnly2_downsize_4/mag14_texturebg_moveX_amp0.2_alpha80.mp4,../data/PhaseBasedResults/momag-database/small_motion_quarter/orig14_texturebg_moveX_amp0.2-FIRWindowBP-band1.00-14.00-sr30-alpha80-mp0-sigma0-scale1.00-frames1-90-octave.avi,0.7352594555555557,0.7437349666666667,0.7626193444444443,../momag-database/resultVideos/moveOnly2_downsize_4/orig14_texturebg_moveX_amp0.2.mp4,80,_quarter,26.19539538888889,26.214468611111116,26.564778799999996,0.5474929680370372,0.5508435593703704,0.5526666668148148,,./from_PB/small_motion_quarter/v14_fromPB_quarter_s2_b1_w7_BEST.mp4,./from_PB/small_motion_quarter/v14_fromPB_quarter_s1_b1_w15_DEFAULT.mp4,0.6740826111111111,0.6795410888888889,0.7020580111111111,1,14,23.313683744444447,22.92546225555555,19.332264488888892
42,1,23.0,1,4,../momag-database/resultVideos/moveOnly2_downsize_4/mag15_plainbg_moveX_amp0.4_alpha40.mp4,../data/PhaseBasedResults/momag-database/small_motion_quarter/orig15_plainbg_moveX_amp0.4-FIRWindowBP-band1.00-14.00-sr30-alpha40-mp0-sigma0-scale1.00-frames1-90-octave.avi,0.919722088888889,0.9738089777777778,0.9597230222222223,../momag-database/resultVideos/moveOnly2_downsize_4/orig15_plainbg_moveX_amp0.4.mp4,40,_quarter,32.3648453,36.5068859,32.79012295555555,0.713031439148148,0.8395560960370371,0.7206220893703704,,./from_PB/small_motion_quarter/v15_fromPB_quarter_s4_b1_w23_BEST.mp4,./from_PB/small_motion_quarter/v15_fromPB_quarter_s1_b1_w15_DEFAULT.mp4,0.9115967888888887,0.9597144666666668,0.9441141222222222,1,15,30.777543966666663,58.51448436666667,25.802912366666668
43,1,15.0,1,2,../momag-database/resultVideos/moveOnly2_downsize_4/mag16_texturebg_moveX_amp0.4_alpha40.mp4,../data/PhaseBasedResults/momag-database/small_motion_quarter/orig16_texturebg_moveX_amp0.4-FIRWindowBP-band1.00-14.00-sr30-alpha40-mp0-sigma0-scale1.00-frames1-90-octave.avi,0.9038652222222224,0.9138463888888888,0.9162369777777779,../momag-database/resultVideos/moveOnly2_downsize_4/orig16_texturebg_moveX_amp0.4.mp4,40,_quarter,27.20367268888889,27.328305988888886,26.619663066666664,0.7332877748148148,0.7437132005185184,0.7105254780740742,,./from_PB/small_motion_quarter/v16_fromPB_quarter_s2_b1_w15_BEST.mp4,./from_PB/small_motion_quarter/v16_fromPB_quarter_s1_b1_w15_DEFAULT.mp4,0.8727977555555555,0.8803554222222222,0.8839598777777777,1,16,42.32003466666667,43.69377904444445,33.13795786666667
44,1,15.0,1,2,../momag-database/resultVideos/moveOnly2_downsize_4/mag17_texturebg_moveX_amp0.4_alpha40.mp4,../data/PhaseBasedResults/momag-database/small_motion_quarter/orig17_texturebg_moveX_amp0.4-FIRWindowBP-band1.00-14.00-sr30-alpha40-mp0-sigma0-scale1.00-frames1-90-octave.avi,0.8955640666666665,0.903663611111111,0.9124940000000001,../momag-database/resultVideos/moveOnly2_downsize_4/orig17_texturebg_moveX_amp0.4.mp4,40,_quarter,28.09809594444444,27.692365466666665,26.413822799999995,0.7417680148148147,0.744671748925926,0.7211343541111112,,./from_PB/small_motion_quarter/v17_fromPB_quarter_s2_b1_w15_BEST.mp4,./from_PB/small_motion_quarter/v17_fromPB_quarter_s1_b1_w15_DEFAULT.mp4,0.8449384999999998,0.8494835111111112,0.8638678111111111,1,17,48.48014777777777,48.08681245555556,38.70412512222222
45,1,23.0,1,8,../momag-database/resultVideos/moveOnly2_downsize_4/mag18_plainbg_moveXY_amp0.1_alpha160.mp4,../data/PhaseBasedResults/momag-database/small_motion_quarter/orig18_plainbg_moveXY_amp0.1-FIRWindowBP-band1.00-14.00-sr30-alpha160-mp0-sigma0-scale1.00-frames1-90-octave.avi,0.8529219444444445,0.8912376,0.8772785888888889,../momag-database/resultVideos/moveOnly2_downsize_4/orig18_plainbg_moveXY_amp0.1.mp4,160,_quarter,25.119586555555557,26.72848591111111,25.744837955555553,0.6061034916296296,0.6529425508148149,0.5949510572592593,,./from_PB/small_motion_quarter/v18_fromPB_quarter_s8_b1_w23_BEST.mp4,./from_PB/small_motion_quarter/v18_fromPB_quarter_s1_b1_w15_DEFAULT.mp4,0.8367821777777776,0.8672286111111112,0.8496662777777779,1,18,12.860635266666668,20.036144133333334,5.790830511111111
46,1,23.0,1,2,../momag-database/resultVideos/moveOnly2_downsize_4/mag19_texturebg_moveXY_amp0.1_alpha160.mp4,../data/PhaseBasedResults/momag-database/small_motion_quarter/orig19_texturebg_moveXY_amp0.1-FIRWindowBP-band1.00-14.00-sr30-alpha160-mp0-sigma0-scale1.00-frames1-90-octave.avi,0.7767981111111112,0.8195021,0.7679683222222223,../momag-database/resultVideos/moveOnly2_downsize_4/orig19_texturebg_moveXY_amp0.1.mp4,160,_quarter,26.13376397777778,26.864456288888885,26.241950322222223,0.6072430953703704,0.6492502647407408,0.5484931051851852,,./from_PB/small_motion_quarter/v19_fromPB_quarter_s2_b1_w23_BEST.mp4,./from_PB/small_motion_quarter/v19_fromPB_quarter_s1_b1_w15_DEFAULT.mp4,0.7026662333333333,0.7440543555555558,0.6981763,1,19,34.22649416666666,38.419433866666665,17.93346933333333
47,1,23.0,1,4,../momag-database/resultVideos/moveOnly2_downsize_4/mag20_texturebg_moveXY_amp0.1_alpha160.mp4,../data/PhaseBasedResults/momag-database/small_motion_quarter/orig20_texturebg_moveXY_amp0.1-FIRWindowBP-band1.00-14.00-sr30-alpha160-mp0-sigma0-scale1.00-frames1-90-octave.avi,0.7556471555555555,0.8296859222222221,0.7911645111111112,../momag-database/resultVideos/moveOnly2_downsize_4/orig20_texturebg_moveXY_amp0.1.mp4,160,_quarter,24.70422455555556,25.58622624444444,25.357483466666665,0.524748039,0.5972970667407408,0.5112710018148149,,./from_PB/small_motion_quarter/v20_fromPB_quarter_s4_b1_w23_BEST.mp4,./from_PB/small_motion_quarter/v20_fromPB_quarter_s1_b1_w15_DEFAULT.mp4,0.6890528222222221,0.7455355000000002,0.7290970444444447,1,20,12.954413922222223,21.6669778,1.3551449888888891
48,1,23.0,1,8,../momag-database/resultVideos/moveOnly2_downsize_4/mag21_plainbg_moveXY_amp0.2_alpha80.mp4,../data/PhaseBasedResults/momag-database/small_motion_quarter/orig21_plainbg_moveXY_amp0.2-FIRWindowBP-band1.00-14.00-sr30-alpha80-mp0-sigma0-scale1.00-frames1-90-octave.avi,0.7334685666666666,0.7694958999999999,0.7725107111111111,../momag-database/resultVideos/moveOnly2_downsize_4/orig21_plainbg_moveXY_amp0.2.mp4,80,_quarter,22.796133144444447,23.676258277777773,23.673215911111114,0.502218268962963,0.5372301347777778,0.5079037465925926,,./from_PB/small_motion_quarter/v21_fromPB_quarter_s8_b1_w23_BEST.mp4,./from_PB/small_motion_quarter/v21_fromPB_quarter_s1_b1_w15_DEFAULT.mp4,0.6722150333333333,0.7023063333333334,0.7099933111111111,1,21,10.09712068888889,13.988817100000004,4.1207217555555555
49,1,15.0,1,4,../momag-database/resultVideos/moveOnly2_downsize_4/mag22_texturebg_moveXY_amp0.2_alpha80.mp4,../data/PhaseBasedResults/momag-database/small_motion_quarter/orig22_texturebg_moveXY_amp0.2-FIRWindowBP-band1.00-14.00-sr30-alpha80-mp0-sigma0-scale1.00-frames1-90-octave.avi,0.7302224222222223,0.7705559888888889,0.7349076222222222,../momag-database/resultVideos/moveOnly2_downsize_4/orig22_texturebg_moveXY_amp0.2.mp4,80,_quarter,20.59586291111111,21.471998555555558,21.2705187,0.5535915218518519,0.5910023298888889,0.526174455037037,,./from_PB/small_motion_quarter/v22_fromPB_quarter_s4_b1_w15_BEST.mp4,./from_PB/small_motion_quarter/v22_fromPB_quarter_s1_b1_w15_DEFAULT.mp4,0.6577917555555555,0.7041060222222223,0.6539381222222223,1,22,27.27603877777778,29.834497855555558,18.96776206666667
50,1,23.0,1,4,../momag-database/resultVideos/moveOnly2_downsize_4/mag23_texturebg_moveXY_amp0.2_alpha80.mp4,../data/PhaseBasedResults/momag-database/small_motion_quarter/orig23_texturebg_moveXY_amp0.2-FIRWindowBP-band1.00-14.00-sr30-alpha80-mp0-sigma0-scale1.00-frames1-90-octave.avi,0.821971322222222,0.8646311111111111,0.8469434888888888,../momag-database/resultVideos/moveOnly2_downsize_4/orig23_texturebg_moveXY_amp0.2.mp4,80,_quarter,26.105957877777783,27.464771933333335,26.627137677777775,0.6090607225185184,0.6642490764814816,0.5821659881111111,,./from_PB/small_motion_quarter/v23_fromPB_quarter_s4_b1_w23_BEST.mp4,./from_PB/small_motion_quarter/v23_fromPB_quarter_s1_b1_w15_DEFAULT.mp4,0.7761707333333332,0.8145303444444445,0.8053009222222222,1,23,22.904011199999992,31.358577388888893,9.425355322222222
51,1,23.0,1,4,../momag-database/resultVideos/moveOnly2_downsize_4/mag24_plainbg_moveXY_amp0.4_alpha40.mp4,../data/PhaseBasedResults/momag-database/small_motion_quarter/orig24_plainbg_moveXY_amp0.4-FIRWindowBP-band1.00-14.00-sr30-alpha40-mp0-sigma0-scale1.00-frames1-90-octave.avi,0.7722945444444446,0.9008583777777779,0.8267973888888888,../momag-database/resultVideos/moveOnly2_downsize_4/orig24_plainbg_moveXY_amp0.4.mp4,40,_quarter,26.31836528888889,29.644180011111114,27.207034366666665,0.5608745425555556,0.7079643016296298,0.5571133385185184,,./from_PB/small_motion_quarter/v24_fromPB_quarter_s4_b1_w23_BEST.mp4,./from_PB/small_motion_quarter/v24_fromPB_quarter_s1_b1_w15_DEFAULT.mp4,0.7140810888888889,0.8527648111111111,0.7605491888888888,1,24,19.624799433333337,37.0269716,8.399343777777778
52,1,7.0,1,1,../momag-database/resultVideos/moveOnly2_downsize_4/mag25_texturebg_moveXY_amp0.4_alpha40.mp4,../data/PhaseBasedResults/momag-database/small_motion_quarter/orig25_texturebg_moveXY_amp0.4-FIRWindowBP-band1.00-14.00-sr30-alpha40-mp0-sigma0-scale1.00-frames1-90-octave.avi,0.6752532666666667,0.6806969,0.7009691888888889,../momag-database/resultVideos/moveOnly2_downsize_4/orig25_texturebg_moveXY_amp0.4.mp4,40,_quarter,19.06042403333333,19.0823521,20.44567938888889,0.4668048811851852,0.4693979997037037,0.471182875,,./from_PB/small_motion_quarter/v25_fromPB_quarter_s1_b1_w7_BEST.mp4,./from_PB/small_motion_quarter/v25_fromPB_quarter_s1_b1_w15_DEFAULT.mp4,0.5954784999999999,0.6063028666666667,0.6409895222222222,1,25,12.96828768888889,12.119423244444445,7.1589913888888885
53,1,7.0,1,4,../momag-database/resultVideos/moveOnly2_downsize_4/mag26_texturebg_moveXY_amp0.4_alpha40.mp4,../data/PhaseBasedResults/momag-database/small_motion_quarter/orig26_texturebg_moveXY_amp0.4-FIRWindowBP-band1.00-14.00-sr30-alpha40-mp0-sigma0-scale1.00-frames1-90-octave.avi,0.6360050222222222,0.6605415444444445,0.6729978555555556,../momag-database/resultVideos/moveOnly2_downsize_4/orig26_texturebg_moveXY_amp0.4.mp4,40,_quarter,20.15349056666667,20.360872688888886,21.309128644444442,0.426949219,0.44700444103703707,0.4302817058148148,,./from_PB/small_motion_quarter/v26_fromPB_quarter_s4_b1_w7_BEST.mp4,./from_PB/small_motion_quarter/v26_fromPB_quarter_s1_b1_w15_DEFAULT.mp4,0.5288111444444444,0.5444492777777779,0.5733869444444444,1,26,11.603149033333334,13.602250088888892,4.446031744444444
54,2,23.0,1,4,../momag-database/resultVideos/moveOnly2_downsize_4/mag0_plainbg_moveY_amp0.1_alpha160.mp4,../data/PhaseBasedResults/momag-database/small_motion_halfmag/orig0_plainbg_moveY_amp0.1-FIRWindowBP-band1.00-14.00-sr30-alpha80-mp0-sigma0-scale1.00-frames1-90-octave.avi,0.895446611111111,0.9343368222222223,0.830746588888889,../momag-database/resultVideos/moveOnly2_downsize_4/orig0_plainbg_moveY_amp0.1.mp4,80,halfmag,29.87835891111111,31.252475888888892,26.60104445555555,0.6962864764814816,0.7742822299629629,0.5831601611481482,,./from_PB/small_motion_halfmag/v0_fromPBhalfmag_s4_b1_w23_hm_BEST.mp4,./from_PB/small_motion_halfmag/v0_fromPBhalfmag_s1_b1_w15_hm_DEFAULT.mp4,0.8447944777777778,0.8929824555555556,0.7761881222222222,1,0,34.86183405555556,49.55274121111111,14.254577233333334
55,2,23.0,1,2,../momag-database/resultVideos/moveOnly2_downsize_4/mag1_texturebg_moveY_amp0.1_alpha160.mp4,../data/PhaseBasedResults/momag-database/small_motion_halfmag/orig1_texturebg_moveY_amp0.1-FIRWindowBP-band1.00-14.00-sr30-alpha80-mp0-sigma0-scale1.00-frames1-90-octave.avi,0.9233306222222222,0.9330653666666667,0.8974575111111113,../momag-database/resultVideos/moveOnly2_downsize_4/orig1_texturebg_moveY_amp0.1.mp4,80,halfmag,29.521381166666668,29.603070288888887,27.018904988888895,0.7710938252592593,0.7861361132222222,0.7023830725185185,,./from_PB/small_motion_halfmag/v1_fromPBhalfmag_s2_b1_w23_hm_BEST.mp4,./from_PB/small_motion_halfmag/v1_fromPBhalfmag_s1_b1_w15_hm_DEFAULT.mp4,0.8947767222222223,0.9010903222222222,0.8751007444444444,1,1,49.51741313333334,52.425265077777766,33.459096200000005
56,2,23.0,1,2,../momag-database/resultVideos/moveOnly2_downsize_4/mag2_texturebg_moveY_amp0.1_alpha160.mp4,../data/PhaseBasedResults/momag-database/small_motion_halfmag/orig2_texturebg_moveY_amp0.1-FIRWindowBP-band1.00-14.00-sr30-alpha80-mp0-sigma0-scale1.00-frames1-90-octave.avi,0.9077884888888891,0.9249486777777779,0.8944006444444444,../momag-database/resultVideos/moveOnly2_downsize_4/orig2_texturebg_moveY_amp0.1.mp4,80,halfmag,30.37589453333333,29.705627155555558,28.146190933333337,0.7873721875185186,0.8028648088148148,0.7467226204814814,,./from_PB/small_motion_halfmag/v2_fromPBhalfmag_s2_b1_w23_hm_BEST.mp4,./from_PB/small_motion_halfmag/v2_fromPBhalfmag_s1_b1_w15_hm_DEFAULT.mp4,0.8823383777777777,0.8971481222222224,0.8734842555555556,1,2,57.1989695888889,58.64976264444445,47.228296144444435
57,2,23.0,1,4,../momag-database/resultVideos/moveOnly2_downsize_4/mag3_plainbg_moveY_amp0.2_alpha80.mp4,../data/PhaseBasedResults/momag-database/small_motion_halfmag/orig3_plainbg_moveY_amp0.2-FIRWindowBP-band1.00-14.00-sr30-alpha40-mp0-sigma0-scale1.00-frames1-90-octave.avi,0.8702435777777778,0.9026383444444444,0.8410327222222221,../momag-database/resultVideos/moveOnly2_downsize_4/orig3_plainbg_moveY_amp0.2.mp4,40,halfmag,29.154843377777777,29.94668593333333,27.73516911111111,0.6336191148888889,0.6878055205555555,0.5794287145555556,,./from_PB/small_motion_halfmag/v3_fromPBhalfmag_s4_b1_w23_hm_BEST.mp4,./from_PB/small_motion_halfmag/v3_fromPBhalfmag_s1_b1_w15_hm_DEFAULT.mp4,0.8152720333333334,0.845379588888889,0.7960370888888889,1,3,21.534173355555556,31.539862833333338,10.121633255555555
58,2,23.0,1,1,../momag-database/resultVideos/moveOnly2_downsize_4/mag4_texturebg_moveY_amp0.2_alpha80.mp4,../data/PhaseBasedResults/momag-database/small_motion_halfmag/orig4_texturebg_moveY_amp0.2-FIRWindowBP-band1.00-14.00-sr30-alpha40-mp0-sigma0-scale1.00-frames1-90-octave.avi,0.9319480666666666,0.9314632111111111,0.9207057111111111,../momag-database/resultVideos/moveOnly2_downsize_4/orig4_texturebg_moveY_amp0.2.mp4,40,halfmag,28.397811388888886,28.393567077777774,24.475741588888884,0.8763774145555555,0.8772309621481481,0.844088014,,./from_PB/small_motion_halfmag/v4_fromPBhalfmag_s1_b1_w23_hm_BEST.mp4,./from_PB/small_motion_halfmag/v4_fromPBhalfmag_s1_b1_w15_hm_DEFAULT.mp4,0.9106810000000001,0.9110324555555555,0.9025377555555555,1,4,78.6503177,78.91972197777777,70.90205753333333
59,2,23.0,1,2,../momag-database/resultVideos/moveOnly2_downsize_4/mag5_texturebg_moveY_amp0.2_alpha80.mp4,../data/PhaseBasedResults/momag-database/small_motion_halfmag/orig5_texturebg_moveY_amp0.2-FIRWindowBP-band1.00-14.00-sr30-alpha40-mp0-sigma0-scale1.00-frames1-90-octave.avi,0.918199188888889,0.9287169444444446,0.8533446666666668,../momag-database/resultVideos/moveOnly2_downsize_4/orig5_texturebg_moveY_amp0.2.mp4,40,halfmag,22.379517744444446,22.8488668,21.615695577777778,0.7023445837777778,0.7297920103703704,0.5898739163333333,,./from_PB/small_motion_halfmag/v5_fromPBhalfmag_s2_b1_w23_hm_BEST.mp4,./from_PB/small_motion_halfmag/v5_fromPBhalfmag_s1_b1_w15_hm_DEFAULT.mp4,0.8765290888888889,0.887453888888889,0.8198236888888887,1,5,31.230547355555565,37.320519777777776,9.645339344444444
60,2,23.0,1,4,../momag-database/resultVideos/moveOnly2_downsize_4/mag6_plainbg_moveY_amp0.4_alpha40.mp4,../data/PhaseBasedResults/momag-database/small_motion_halfmag/orig6_plainbg_moveY_amp0.4-FIRWindowBP-band1.00-14.00-sr30-alpha20-mp0-sigma0-scale1.00-frames1-90-octave.avi,0.8776832666666667,0.9205392111111109,0.754699577777778,../momag-database/resultVideos/moveOnly2_downsize_4/orig6_plainbg_moveY_amp0.4.mp4,20,halfmag,27.945352033333336,29.834490922222226,24.32949473333333,0.6770377027777778,0.7546412018148149,0.5236076132962963,,./from_PB/small_motion_halfmag/v6_fromPBhalfmag_s4_b1_w23_hm_BEST.mp4,./from_PB/small_motion_halfmag/v6_fromPBhalfmag_s1_b1_w15_hm_DEFAULT.mp4,0.8337463888888887,0.8870776666666669,0.7053253555555555,1,6,31.96834527777778,45.63067276666667,11.079790655555556
61,2,23.0,1,1,../momag-database/resultVideos/moveOnly2_downsize_4/mag7_texturebg_moveY_amp0.4_alpha40.mp4,../data/PhaseBasedResults/momag-database/small_motion_halfmag/orig7_texturebg_moveY_amp0.4-FIRWindowBP-band1.00-14.00-sr30-alpha20-mp0-sigma0-scale1.00-frames1-90-octave.avi,0.7879722333333333,0.788353211111111,0.7440864555555554,../momag-database/resultVideos/moveOnly2_downsize_4/orig7_texturebg_moveY_amp0.4.mp4,20,halfmag,26.284115355555553,26.279780922222223,24.206952700000002,0.6338356843703704,0.6340878835555556,0.579606739037037,,./from_PB/small_motion_halfmag/v7_fromPBhalfmag_s1_b1_w23_hm_BEST.mp4,./from_PB/small_motion_halfmag/v7_fromPBhalfmag_s1_b1_w15_hm_DEFAULT.mp4,0.7326963444444443,0.7327194000000001,0.6993263666666666,1,7,38.08384753333333,38.11910395555556,29.54073948888889
62,2,23.0,1,1,../momag-database/resultVideos/moveOnly2_downsize_4/mag8_texturebg_moveY_amp0.4_alpha40.mp4,../data/PhaseBasedResults/momag-database/small_motion_halfmag/orig8_texturebg_moveY_amp0.4-FIRWindowBP-band1.00-14.00-sr30-alpha20-mp0-sigma0-scale1.00-frames1-90-octave.avi,0.9223718111111111,0.9238082888888889,0.8669448555555557,../momag-database/resultVideos/moveOnly2_downsize_4/orig8_texturebg_moveY_amp0.4.mp4,20,halfmag,27.821778588888886,27.834255777777777,24.314525711111113,0.8240002614444443,0.8276238128518519,0.7233123764074074,,./from_PB/small_motion_halfmag/v8_fromPBhalfmag_s1_b1_w23_hm_BEST.mp4,./from_PB/small_motion_halfmag/v8_fromPBhalfmag_s1_b1_w15_hm_DEFAULT.mp4,0.8695827555555554,0.8727205777777777,0.8069747888888888,1,8,68.00462176666666,68.6342571888889,49.60174847777778
63,2,23.0,1,4,../momag-database/resultVideos/moveOnly2_downsize_4/mag9_plainbg_moveX_amp0.1_alpha160.mp4,../data/PhaseBasedResults/momag-database/small_motion_halfmag/orig9_plainbg_moveX_amp0.1-FIRWindowBP-band1.00-14.00-sr30-alpha80-mp0-sigma0-scale1.00-frames1-90-octave.avi,0.907015211111111,0.9295179333333332,0.8496243111111111,../momag-database/resultVideos/moveOnly2_downsize_4/orig9_plainbg_moveX_amp0.1.mp4,80,halfmag,28.122144622222226,29.22305435555555,26.37017721111111,0.6658290492962963,0.7249012198518517,0.5872223094074074,,./from_PB/small_motion_halfmag/v9_fromPBhalfmag_s4_b1_w23_hm_BEST.mp4,./from_PB/small_motion_halfmag/v9_fromPBhalfmag_s1_b1_w15_hm_DEFAULT.mp4,0.8743187444444444,0.8988548666666664,0.8284283222222221,1,9,21.615319233333334,34.63308595555556,8.361429488888888
64,2,23.0,1,1,../momag-database/resultVideos/moveOnly2_downsize_4/mag10_texturebg_moveX_amp0.1_alpha160.mp4,../data/PhaseBasedResults/momag-database/small_motion_halfmag/orig10_texturebg_moveX_amp0.1-FIRWindowBP-band1.00-14.00-sr30-alpha80-mp0-sigma0-scale1.00-frames1-90-octave.avi,0.833527311111111,0.840701888888889,0.7865213555555555,../momag-database/resultVideos/moveOnly2_downsize_4/orig10_texturebg_moveX_amp0.1.mp4,80,halfmag,24.94225023333333,25.084373477777778,23.314663477777778,0.6799146268148148,0.6906936861111111,0.6105030955555555,,./from_PB/small_motion_halfmag/v10_fromPBhalfmag_s1_b1_w23_hm_BEST.mp4,./from_PB/small_motion_halfmag/v10_fromPBhalfmag_s1_b1_w15_hm_DEFAULT.mp4,0.7560145444444444,0.7645476888888887,0.7203914666666668,1,10,45.0202024888889,46.683148055555556,32.459646444444445
65,2,23.0,1,2,../momag-database/resultVideos/moveOnly2_downsize_4/mag11_texturebg_moveX_amp0.1_alpha160.mp4,../data/PhaseBasedResults/momag-database/small_motion_halfmag/orig11_texturebg_moveX_amp0.1-FIRWindowBP-band1.00-14.00-sr30-alpha80-mp0-sigma0-scale1.00-frames1-90-octave.avi,0.8326805666666666,0.8477462777777779,0.7075689666666667,../momag-database/resultVideos/moveOnly2_downsize_4/orig11_texturebg_moveX_amp0.1.mp4,80,halfmag,24.59930534444445,25.097898233333332,21.699486122222222,0.6264680872592593,0.6540554993703704,0.4882003942222222,,./from_PB/small_motion_halfmag/v11_fromPBhalfmag_s2_b1_w23_hm_BEST.mp4,./from_PB/small_motion_halfmag/v11_fromPBhalfmag_s1_b1_w15_hm_DEFAULT.mp4,0.7709223111111112,0.7888969888888889,0.6452429444444445,1,11,27.580138400000003,32.55232314444444,11.178927155555556
66,2,23.0,1,4,../momag-database/resultVideos/moveOnly2_downsize_4/mag12_plainbg_moveX_amp0.2_alpha80.mp4,../data/PhaseBasedResults/momag-database/small_motion_halfmag/orig12_plainbg_moveX_amp0.2-FIRWindowBP-band1.00-14.00-sr30-alpha40-mp0-sigma0-scale1.00-frames1-90-octave.avi,0.8524986444444443,0.884318688888889,0.7895149,../momag-database/resultVideos/moveOnly2_downsize_4/orig12_plainbg_moveX_amp0.2.mp4,40,halfmag,28.613886422222222,29.682142055555556,26.517826788888893,0.6214425397407407,0.6641801316296296,0.5449735065555555,,./from_PB/small_motion_halfmag/v12_fromPBhalfmag_s4_b1_w23_hm_BEST.mp4,./from_PB/small_motion_halfmag/v12_fromPBhalfmag_s1_b1_w15_hm_DEFAULT.mp4,0.7974643,0.8327834444444445,0.7428160777777778,1,12,21.43646747777778,27.543826155555553,10.258954188888888
67,2,23.0,1,2,../momag-database/resultVideos/moveOnly2_downsize_4/mag13_texturebg_moveX_amp0.2_alpha80.mp4,../data/PhaseBasedResults/momag-database/small_motion_halfmag/orig13_texturebg_moveX_amp0.2-FIRWindowBP-band1.00-14.00-sr30-alpha40-mp0-sigma0-scale1.00-frames1-90-octave.avi,0.7457842333333335,0.7521271999999999,0.6568339333333333,../momag-database/resultVideos/moveOnly2_downsize_4/orig13_texturebg_moveX_amp0.2.mp4,40,halfmag,23.55751061111111,23.774951300000005,21.6702513,0.5334550980000001,0.5433789067777777,0.45413616525925926,,./from_PB/small_motion_halfmag/v13_fromPBhalfmag_s2_b1_w23_hm_BEST.mp4,./from_PB/small_motion_halfmag/v13_fromPBhalfmag_s1_b1_w15_hm_DEFAULT.mp4,0.6755947333333333,0.6781749555555555,0.6110934666666666,1,13,17.898632733333333,19.98345647777778,9.448109577777778
68,2,7.0,1,2,../momag-database/resultVideos/moveOnly2_downsize_4/mag14_texturebg_moveX_amp0.2_alpha80.mp4,../data/PhaseBasedResults/momag-database/small_motion_halfmag/orig14_texturebg_moveX_amp0.2-FIRWindowBP-band1.00-14.00-sr30-alpha40-mp0-sigma0-scale1.00-frames1-90-octave.avi,0.7405862444444445,0.746313811111111,0.6928589777777777,../momag-database/resultVideos/moveOnly2_downsize_4/orig14_texturebg_moveX_amp0.2.mp4,40,halfmag,26.277201377777782,26.232610099999995,25.245433900000005,0.5519690404074075,0.5527377917037036,0.505188194962963,,./from_PB/small_motion_halfmag/v14_fromPBhalfmag_s2_b1_w7_hm_BEST.mp4,./from_PB/small_motion_halfmag/v14_fromPBhalfmag_s1_b1_w15_hm_DEFAULT.mp4,0.6784022,0.6815043444444444,0.6422787888888889,1,14,23.691867677777783,23.039521955555553,18.04268182222222
69,2,23.0,1,4,../momag-database/resultVideos/moveOnly2_downsize_4/mag15_plainbg_moveX_amp0.4_alpha40.mp4,../data/PhaseBasedResults/momag-database/small_motion_halfmag/orig15_plainbg_moveX_amp0.4-FIRWindowBP-band1.00-14.00-sr30-alpha20-mp0-sigma0-scale1.00-frames1-90-octave.avi,0.9319178000000001,0.9754302,0.9270862888888889,../momag-database/resultVideos/moveOnly2_downsize_4/orig15_plainbg_moveX_amp0.4.mp4,20,halfmag,32.99665401111111,36.702754588888894,30.82607615555556,0.7329553745555555,0.8466166206296295,0.6676502848518518,,./from_PB/small_motion_halfmag/v15_fromPBhalfmag_s4_b1_w23_hm_BEST.mp4,./from_PB/small_motion_halfmag/v15_fromPBhalfmag_s1_b1_w15_hm_DEFAULT.mp4,0.921203411111111,0.9618842777777776,0.9166290555555557,1,15,34.57449125555556,60.2535384111111,15.92355101111111
70,2,15.0,1,2,../momag-database/resultVideos/moveOnly2_downsize_4/mag16_texturebg_moveX_amp0.4_alpha40.mp4,../data/PhaseBasedResults/momag-database/small_motion_halfmag/orig16_texturebg_moveX_amp0.4-FIRWindowBP-band1.00-14.00-sr30-alpha20-mp0-sigma0-scale1.00-frames1-90-octave.avi,0.9105551333333334,0.9169640555555554,0.8671697777777777,../momag-database/resultVideos/moveOnly2_downsize_4/orig16_texturebg_moveX_amp0.4.mp4,20,halfmag,27.476465777777776,27.375880922222223,24.597152855555557,0.7432381301111111,0.7460876649259259,0.6602401425185185,,./from_PB/small_motion_halfmag/v16_fromPBhalfmag_s2_b1_w15_hm_BEST.mp4,./from_PB/small_motion_halfmag/v16_fromPBhalfmag_s1_b1_w15_hm_DEFAULT.mp4,0.8795686111111111,0.8834237666666668,0.8460017777777777,1,16,43.959064588888886,43.78751725555556,26.754887200000006
71,2,23.0,1,1,../momag-database/resultVideos/moveOnly2_downsize_4/mag17_texturebg_moveX_amp0.4_alpha40.mp4,../data/PhaseBasedResults/momag-database/small_motion_halfmag/orig17_texturebg_moveX_amp0.4-FIRWindowBP-band1.00-14.00-sr30-alpha20-mp0-sigma0-scale1.00-frames1-90-octave.avi,0.9065342000000001,0.9076515333333333,0.8541943555555555,../momag-database/resultVideos/moveOnly2_downsize_4/orig17_texturebg_moveX_amp0.4.mp4,20,halfmag,28.293050144444447,28.28230242222222,24.80959027777778,0.7545029156296296,0.7579485915555555,0.6615879284444444,,./from_PB/small_motion_halfmag/v17_fromPBhalfmag_s1_b1_w23_hm_BEST.mp4,./from_PB/small_motion_halfmag/v17_fromPBhalfmag_s1_b1_w15_hm_DEFAULT.mp4,0.8581807666666665,0.8602987555555555,0.8059580333333334,1,17,49.87937802222223,50.58954857777778,32.46113964444444
72,2,23.0,1,4,../momag-database/resultVideos/moveOnly2_downsize_4/mag18_plainbg_moveXY_amp0.1_alpha160.mp4,../data/PhaseBasedResults/momag-database/small_motion_halfmag/orig18_plainbg_moveXY_amp0.1-FIRWindowBP-band1.00-14.00-sr30-alpha80-mp0-sigma0-scale1.00-frames1-90-octave.avi,0.8605720777777778,0.8932452888888889,0.8167976666666668,../momag-database/resultVideos/moveOnly2_downsize_4/orig18_plainbg_moveXY_amp0.1.mp4,80,halfmag,25.42058782222222,26.932059166666665,22.96818505555556,0.615969587037037,0.6578772327777778,0.5551460162222223,,./from_PB/small_motion_halfmag/v18_fromPBhalfmag_s4_b1_w23_hm_BEST.mp4,./from_PB/small_motion_halfmag/v18_fromPBhalfmag_s1_b1_w15_hm_DEFAULT.mp4,0.8424708555555555,0.869217711111111,0.8130229777777779,1,18,14.486582777777777,21.116869833333336,3.5617404222222224
73,2,23.0,1,2,../momag-database/resultVideos/moveOnly2_downsize_4/mag19_texturebg_moveXY_amp0.1_alpha160.mp4,../data/PhaseBasedResults/momag-database/small_motion_halfmag/orig19_texturebg_moveXY_amp0.1-FIRWindowBP-band1.00-14.00-sr30-alpha80-mp0-sigma0-scale1.00-frames1-90-octave.avi,0.7958972444444447,0.8461200555555555,0.694657788888889,../momag-database/resultVideos/moveOnly2_downsize_4/orig19_texturebg_moveXY_amp0.1.mp4,80,halfmag,26.420637700000004,27.180910766666667,24.855068611111108,0.6212841445555556,0.6712502054444444,0.5100029142592593,,./from_PB/small_motion_halfmag/v19_fromPBhalfmag_s2_b1_w23_hm_BEST.mp4,./from_PB/small_motion_halfmag/v19_fromPBhalfmag_s1_b1_w15_hm_DEFAULT.mp4,0.7215730444444445,0.7743785555555557,0.6396400333333333,1,19,34.63821447777778,39.325200522222225,19.571092055555557
74,2,23.0,1,2,../momag-database/resultVideos/moveOnly2_downsize_4/mag20_texturebg_moveXY_amp0.1_alpha160.mp4,../data/PhaseBasedResults/momag-database/small_motion_halfmag/orig20_texturebg_moveXY_amp0.1-FIRWindowBP-band1.00-14.00-sr30-alpha80-mp0-sigma0-scale1.00-frames1-90-octave.avi,0.7786508444444442,0.845830311111111,0.7118850333333333,../momag-database/resultVideos/moveOnly2_downsize_4/orig20_texturebg_moveXY_amp0.1.mp4,80,halfmag,24.994806055555557,26.103930811111113,24.17971843333333,0.5426510219629629,0.616879250111111,0.46800445614814823,,./from_PB/small_motion_halfmag/v20_fromPBhalfmag_s2_b1_w23_hm_BEST.mp4,./from_PB/small_motion_halfmag/v20_fromPBhalfmag_s1_b1_w15_hm_DEFAULT.mp4,0.7118890333333334,0.7705096111111109,0.6615189111111112,1,20,13.741318811111109,23.429782811111117,3.0609424
75,2,23.0,1,4,../momag-database/resultVideos/moveOnly2_downsize_4/mag21_plainbg_moveXY_amp0.2_alpha80.mp4,../data/PhaseBasedResults/momag-database/small_motion_halfmag/orig21_plainbg_moveXY_amp0.2-FIRWindowBP-band1.00-14.00-sr30-alpha40-mp0-sigma0-scale1.00-frames1-90-octave.avi,0.740350077777778,0.7755242,0.6860012,../momag-database/resultVideos/moveOnly2_downsize_4/orig21_plainbg_moveXY_amp0.2.mp4,40,halfmag,22.987522700000003,23.876896577777778,21.103271244444446,0.5088835551851852,0.5427830778148147,0.45305007922222224,,./from_PB/small_motion_halfmag/v21_fromPBhalfmag_s4_b1_w23_hm_BEST.mp4,./from_PB/small_motion_halfmag/v21_fromPBhalfmag_s1_b1_w15_hm_DEFAULT.mp4,0.6775990555555556,0.7069407777777778,0.6477934333333333,1,21,10.87015322222222,14.588425566666665,2.535560433333333
76,2,15.0,1,4,../momag-database/resultVideos/moveOnly2_downsize_4/mag22_texturebg_moveXY_amp0.2_alpha80.mp4,../data/PhaseBasedResults/momag-database/small_motion_halfmag/orig22_texturebg_moveXY_amp0.2-FIRWindowBP-band1.00-14.00-sr30-alpha40-mp0-sigma0-scale1.00-frames1-90-octave.avi,0.7415860222222223,0.7719867777777776,0.5379256666666667,../momag-database/resultVideos/moveOnly2_downsize_4/orig22_texturebg_moveXY_amp0.2.mp4,40,halfmag,20.798682677777776,21.48756618888889,18.024092622222224,0.5657434675185186,0.5912666734444444,0.3870540541111111,,./from_PB/small_motion_halfmag/v22_fromPBhalfmag_s4_b1_w15_hm_BEST.mp4,./from_PB/small_motion_halfmag/v22_fromPBhalfmag_s1_b1_w15_hm_DEFAULT.mp4,0.6702153555555556,0.7052239555555555,0.48156308888888877,1,22,28.54290247777778,29.658928699999997,14.167340677777778
77,2,23.0,1,4,../momag-database/resultVideos/moveOnly2_downsize_4/mag23_texturebg_moveXY_amp0.2_alpha80.mp4,../data/PhaseBasedResults/momag-database/small_motion_halfmag/orig23_texturebg_moveXY_amp0.2-FIRWindowBP-band1.00-14.00-sr30-alpha40-mp0-sigma0-scale1.00-frames1-90-octave.avi,0.8339474555555557,0.8742646444444442,0.7738289555555555,../momag-database/resultVideos/moveOnly2_downsize_4/orig23_texturebg_moveXY_amp0.2.mp4,40,halfmag,26.452007655555555,27.782320277777778,24.345992311111115,0.6242586132222222,0.6787322997037036,0.5241708144444445,,./from_PB/small_motion_halfmag/v23_fromPBhalfmag_s4_b1_w23_hm_BEST.mp4,./from_PB/small_motion_halfmag/v23_fromPBhalfmag_s1_b1_w15_hm_DEFAULT.mp4,0.7866148888888889,0.8254305888888889,0.7514719111111112,1,23,25.221349522222226,33.65016657777778,4.721157666666667
78,2,23.0,1,4,../momag-database/resultVideos/moveOnly2_downsize_4/mag24_plainbg_moveXY_amp0.4_alpha40.mp4,../data/PhaseBasedResults/momag-database/small_motion_halfmag/orig24_plainbg_moveXY_amp0.4-FIRWindowBP-band1.00-14.00-sr30-alpha20-mp0-sigma0-scale1.00-frames1-90-octave.avi,0.7988732444444445,0.9101988777777779,0.6738960333333333,../momag-database/resultVideos/moveOnly2_downsize_4/orig24_plainbg_moveXY_amp0.4.mp4,20,halfmag,26.809357977777776,30.000873255555558,24.293623722222225,0.5850867266666667,0.7233279351481481,0.4518838432592592,,./from_PB/small_motion_halfmag/v24_fromPBhalfmag_s4_b1_w23_hm_BEST.mp4,./from_PB/small_motion_halfmag/v24_fromPBhalfmag_s1_b1_w15_hm_DEFAULT.mp4,0.7409924333333333,0.8652974444444443,0.6218665222222222,1,24,21.539450222222225,39.44874832222222,5.988897422222222
79,2,15.0,1,1,../momag-database/resultVideos/moveOnly2_downsize_4/mag25_texturebg_moveXY_amp0.4_alpha40.mp4,../data/PhaseBasedResults/momag-database/small_motion_halfmag/orig25_texturebg_moveXY_amp0.4-FIRWindowBP-band1.00-14.00-sr30-alpha20-mp0-sigma0-scale1.00-frames1-90-octave.avi,0.6888927777777778,0.6888927777777778,0.6316485444444444,../momag-database/resultVideos/moveOnly2_downsize_4/orig25_texturebg_moveXY_amp0.4.mp4,20,halfmag,19.167391422222224,19.167391422222224,19.012081555555557,0.47825102425925925,0.47825102425925925,0.42873387496296295,,./from_PB/small_motion_halfmag/v25_fromPBhalfmag_s1_b1_w15_hm_BEST.mp4,./from_PB/small_motion_halfmag/v25_fromPBhalfmag_s1_b1_w15_hm_DEFAULT.mp4,0.6119920999999999,0.6119920999999999,0.5959156333333333,1,25,13.386819500000001,13.386819500000001,5.863744711111113
80,2,15.0,1,2,../momag-database/resultVideos/moveOnly2_downsize_4/mag26_texturebg_moveXY_amp0.4_alpha40.mp4,../data/PhaseBasedResults/momag-database/small_motion_halfmag/orig26_texturebg_moveXY_amp0.4-FIRWindowBP-band1.00-14.00-sr30-alpha20-mp0-sigma0-scale1.00-frames1-90-octave.avi,0.6464988888888888,0.6690913444444444,0.5535523777777778,../momag-database/resultVideos/moveOnly2_downsize_4/orig26_texturebg_moveXY_amp0.4.mp4,20,halfmag,20.351735644444442,20.59704801111111,19.254930788888885,0.43568547955555553,0.4548062940740741,0.3587998625925926,,./from_PB/small_motion_halfmag/v26_fromPBhalfmag_s2_b1_w15_hm_BEST.mp4,./from_PB/small_motion_halfmag/v26_fromPBhalfmag_s1_b1_w15_hm_DEFAULT.mp4,0.5385860666666666,0.5554090222222222,0.4857653777777779,1,26,12.19714831111111,13.991851555555554,3.7081832222222224
81,2,23.0,1,4,../momag-database/resultVideos/moveOnly2_downsize_4/mag0_plainbg_moveY_amp0.1_alpha160.mp4,../data/PhaseBasedResults/momag-database/small_motion_quarter_halfmag/orig0_plainbg_moveY_amp0.1-FIRWindowBP-band1.00-14.00-sr30-alpha80-mp0-sigma0-scale1.00-frames1-90-octave.avi,0.895446611111111,0.9343368222222223,0.830746588888889,../momag-database/resultVideos/moveOnly2_downsize_4/orig0_plainbg_moveY_amp0.1.mp4,80,halfmag_quarter,29.87835891111111,31.252475888888892,26.60104445555555,0.6962864764814816,0.7742822299629629,0.5831601611481482,,./from_PB/small_motion_quarter_halfmag/v0_fromPBhalfmag_quarter_s4_b1_w23_hm_BEST.mp4,./from_PB/small_motion_quarter_halfmag/v0_fromPBhalfmag_quarter_s1_b1_w15_hm_DEFAULT.mp4,0.8447944777777778,0.8929824555555556,0.7761881222222222,1,0,34.86183405555556,49.55274121111111,14.254577233333334
82,2,23.0,1,2,../momag-database/resultVideos/moveOnly2_downsize_4/mag1_texturebg_moveY_amp0.1_alpha160.mp4,../data/PhaseBasedResults/momag-database/small_motion_quarter_halfmag/orig1_texturebg_moveY_amp0.1-FIRWindowBP-band1.00-14.00-sr30-alpha80-mp0-sigma0-scale1.00-frames1-90-octave.avi,0.9233306222222222,0.9330653666666667,0.8974575111111113,../momag-database/resultVideos/moveOnly2_downsize_4/orig1_texturebg_moveY_amp0.1.mp4,80,halfmag_quarter,29.521381166666668,29.603070288888887,27.018904988888895,0.7710938252592593,0.7861361132222222,0.7023830725185185,,./from_PB/small_motion_quarter_halfmag/v1_fromPBhalfmag_quarter_s2_b1_w23_hm_BEST.mp4,./from_PB/small_motion_quarter_halfmag/v1_fromPBhalfmag_quarter_s1_b1_w15_hm_DEFAULT.mp4,0.8947767222222223,0.9010903222222222,0.8751007444444444,1,1,49.51741313333334,52.425265077777766,33.459096200000005
83,2,23.0,1,2,../momag-database/resultVideos/moveOnly2_downsize_4/mag2_texturebg_moveY_amp0.1_alpha160.mp4,../data/PhaseBasedResults/momag-database/small_motion_quarter_halfmag/orig2_texturebg_moveY_amp0.1-FIRWindowBP-band1.00-14.00-sr30-alpha80-mp0-sigma0-scale1.00-frames1-90-octave.avi,0.9077884888888891,0.9249486777777779,0.8944006444444444,../momag-database/resultVideos/moveOnly2_downsize_4/orig2_texturebg_moveY_amp0.1.mp4,80,halfmag_quarter,30.37589453333333,29.705627155555558,28.146190933333337,0.7873721875185186,0.8028648088148148,0.7467226204814814,,./from_PB/small_motion_quarter_halfmag/v2_fromPBhalfmag_quarter_s2_b1_w23_hm_BEST.mp4,./from_PB/small_motion_quarter_halfmag/v2_fromPBhalfmag_quarter_s1_b1_w15_hm_DEFAULT.mp4,0.8823383777777777,0.8971481222222224,0.8734842555555556,1,2,57.1989695888889,58.64976264444445,47.228296144444435
84,2,23.0,1,4,../momag-database/resultVideos/moveOnly2_downsize_4/mag3_plainbg_moveY_amp0.2_alpha80.mp4,../data/PhaseBasedResults/momag-database/small_motion_quarter_halfmag/orig3_plainbg_moveY_amp0.2-FIRWindowBP-band1.00-14.00-sr30-alpha40-mp0-sigma0-scale1.00-frames1-90-octave.avi,0.8702435777777778,0.9026383444444444,0.8410327222222221,../momag-database/resultVideos/moveOnly2_downsize_4/orig3_plainbg_moveY_amp0.2.mp4,40,halfmag_quarter,29.154843377777777,29.94668593333333,27.73516911111111,0.6336191148888889,0.6878055205555555,0.5794287145555556,,./from_PB/small_motion_quarter_halfmag/v3_fromPBhalfmag_quarter_s4_b1_w23_hm_BEST.mp4,./from_PB/small_motion_quarter_halfmag/v3_fromPBhalfmag_quarter_s1_b1_w15_hm_DEFAULT.mp4,0.8152720333333334,0.845379588888889,0.7960370888888889,1,3,21.534173355555556,31.539862833333338,10.121633255555555
85,2,23.0,1,1,../momag-database/resultVideos/moveOnly2_downsize_4/mag4_texturebg_moveY_amp0.2_alpha80.mp4,../data/PhaseBasedResults/momag-database/small_motion_quarter_halfmag/orig4_texturebg_moveY_amp0.2-FIRWindowBP-band1.00-14.00-sr30-alpha40-mp0-sigma0-scale1.00-frames1-90-octave.avi,0.9319480666666666,0.9314632111111111,0.9207057111111111,../momag-database/resultVideos/moveOnly2_downsize_4/orig4_texturebg_moveY_amp0.2.mp4,40,halfmag_quarter,28.397811388888886,28.393567077777774,24.475741588888884,0.8763774145555555,0.8772309621481481,0.844088014,,./from_PB/small_motion_quarter_halfmag/v4_fromPBhalfmag_quarter_s1_b1_w23_hm_BEST.mp4,./from_PB/small_motion_quarter_halfmag/v4_fromPBhalfmag_quarter_s1_b1_w15_hm_DEFAULT.mp4,0.9106810000000001,0.9110324555555555,0.9025377555555555,1,4,78.6503177,78.91972197777777,70.90205753333333
86,2,23.0,1,2,../momag-database/resultVideos/moveOnly2_downsize_4/mag5_texturebg_moveY_amp0.2_alpha80.mp4,../data/PhaseBasedResults/momag-database/small_motion_quarter_halfmag/orig5_texturebg_moveY_amp0.2-FIRWindowBP-band1.00-14.00-sr30-alpha40-mp0-sigma0-scale1.00-frames1-90-octave.avi,0.918199188888889,0.9287169444444446,0.8533446666666668,../momag-database/resultVideos/moveOnly2_downsize_4/orig5_texturebg_moveY_amp0.2.mp4,40,halfmag_quarter,22.379517744444446,22.8488668,21.615695577777778,0.7023445837777778,0.7297920103703704,0.5898739163333333,,./from_PB/small_motion_quarter_halfmag/v5_fromPBhalfmag_quarter_s2_b1_w23_hm_BEST.mp4,./from_PB/small_motion_quarter_halfmag/v5_fromPBhalfmag_quarter_s1_b1_w15_hm_DEFAULT.mp4,0.8765290888888889,0.887453888888889,0.8198236888888887,1,5,31.230547355555565,37.320519777777776,9.645339344444444
87,2,23.0,1,4,../momag-database/resultVideos/moveOnly2_downsize_4/mag6_plainbg_moveY_amp0.4_alpha40.mp4,../data/PhaseBasedResults/momag-database/small_motion_quarter_halfmag/orig6_plainbg_moveY_amp0.4-FIRWindowBP-band1.00-14.00-sr30-alpha20-mp0-sigma0-scale1.00-frames1-90-octave.avi,0.8776832666666667,0.9205392111111109,0.754699577777778,../momag-database/resultVideos/moveOnly2_downsize_4/orig6_plainbg_moveY_amp0.4.mp4,20,halfmag_quarter,27.945352033333336,29.834490922222226,24.32949473333333,0.6770377027777778,0.7546412018148149,0.5236076132962963,,./from_PB/small_motion_quarter_halfmag/v6_fromPBhalfmag_quarter_s4_b1_w23_hm_BEST.mp4,./from_PB/small_motion_quarter_halfmag/v6_fromPBhalfmag_quarter_s1_b1_w15_hm_DEFAULT.mp4,0.8337463888888887,0.8870776666666669,0.7053253555555555,1,6,31.96834527777778,45.63067276666667,11.079790655555556
88,2,23.0,1,1,../momag-database/resultVideos/moveOnly2_downsize_4/mag7_texturebg_moveY_amp0.4_alpha40.mp4,../data/PhaseBasedResults/momag-database/small_motion_quarter_halfmag/orig7_texturebg_moveY_amp0.4-FIRWindowBP-band1.00-14.00-sr30-alpha20-mp0-sigma0-scale1.00-frames1-90-octave.avi,0.7879722333333333,0.788353211111111,0.7440864555555554,../momag-database/resultVideos/moveOnly2_downsize_4/orig7_texturebg_moveY_amp0.4.mp4,20,halfmag_quarter,26.284115355555553,26.279780922222223,24.206952700000002,0.6338356843703704,0.6340878835555556,0.579606739037037,,./from_PB/small_motion_quarter_halfmag/v7_fromPBhalfmag_quarter_s1_b1_w23_hm_BEST.mp4,./from_PB/small_motion_quarter_halfmag/v7_fromPBhalfmag_quarter_s1_b1_w15_hm_DEFAULT.mp4,0.7326963444444443,0.7327194000000001,0.6993263666666666,1,7,38.08384753333333,38.11910395555556,29.54073948888889
89,2,23.0,1,1,../momag-database/resultVideos/moveOnly2_downsize_4/mag8_texturebg_moveY_amp0.4_alpha40.mp4,../data/PhaseBasedResults/momag-database/small_motion_quarter_halfmag/orig8_texturebg_moveY_amp0.4-FIRWindowBP-band1.00-14.00-sr30-alpha20-mp0-sigma0-scale1.00-frames1-90-octave.avi,0.9223718111111111,0.9238082888888889,0.8669448555555557,../momag-database/resultVideos/moveOnly2_downsize_4/orig8_texturebg_moveY_amp0.4.mp4,20,halfmag_quarter,27.821778588888886,27.834255777777777,24.314525711111113,0.8240002614444443,0.8276238128518519,0.7233123764074074,,./from_PB/small_motion_quarter_halfmag/v8_fromPBhalfmag_quarter_s1_b1_w23_hm_BEST.mp4,./from_PB/small_motion_quarter_halfmag/v8_fromPBhalfmag_quarter_s1_b1_w15_hm_DEFAULT.mp4,0.8695827555555554,0.8727205777777777,0.8069747888888888,1,8,68.00462176666666,68.6342571888889,49.60174847777778
90,2,23.0,1,4,../momag-database/resultVideos/moveOnly2_downsize_4/mag9_plainbg_moveX_amp0.1_alpha160.mp4,../data/PhaseBasedResults/momag-database/small_motion_quarter_halfmag/orig9_plainbg_moveX_amp0.1-FIRWindowBP-band1.00-14.00-sr30-alpha80-mp0-sigma0-scale1.00-frames1-90-octave.avi,0.907015211111111,0.9295179333333332,0.8496243111111111,../momag-database/resultVideos/moveOnly2_downsize_4/orig9_plainbg_moveX_amp0.1.mp4,80,halfmag_quarter,28.122144622222226,29.22305435555555,26.37017721111111,0.6658290492962963,0.7249012198518517,0.5872223094074074,,./from_PB/small_motion_quarter_halfmag/v9_fromPBhalfmag_quarter_s4_b1_w23_hm_BEST.mp4,./from_PB/small_motion_quarter_halfmag/v9_fromPBhalfmag_quarter_s1_b1_w15_hm_DEFAULT.mp4,0.8743187444444444,0.8988548666666664,0.8284283222222221,1,9,21.615319233333334,34.63308595555556,8.361429488888888
91,2,23.0,1,1,../momag-database/resultVideos/moveOnly2_downsize_4/mag10_texturebg_moveX_amp0.1_alpha160.mp4,../data/PhaseBasedResults/momag-database/small_motion_quarter_halfmag/orig10_texturebg_moveX_amp0.1-FIRWindowBP-band1.00-14.00-sr30-alpha80-mp0-sigma0-scale1.00-frames1-90-octave.avi,0.833527311111111,0.840701888888889,0.7865213555555555,../momag-database/resultVideos/moveOnly2_downsize_4/orig10_texturebg_moveX_amp0.1.mp4,80,halfmag_quarter,24.94225023333333,25.084373477777778,23.314663477777778,0.6799146268148148,0.6906936861111111,0.6105030955555555,,./from_PB/small_motion_quarter_halfmag/v10_fromPBhalfmag_quarter_s1_b1_w23_hm_BEST.mp4,./from_PB/small_motion_quarter_halfmag/v10_fromPBhalfmag_quarter_s1_b1_w15_hm_DEFAULT.mp4,0.7560145444444444,0.7645476888888887,0.7203914666666668,1,10,45.0202024888889,46.683148055555556,32.459646444444445
92,2,23.0,1,2,../momag-database/resultVideos/moveOnly2_downsize_4/mag11_texturebg_moveX_amp0.1_alpha160.mp4,../data/PhaseBasedResults/momag-database/small_motion_quarter_halfmag/orig11_texturebg_moveX_amp0.1-FIRWindowBP-band1.00-14.00-sr30-alpha80-mp0-sigma0-scale1.00-frames1-90-octave.avi,0.8326805666666666,0.8477462777777779,0.7075689666666667,../momag-database/resultVideos/moveOnly2_downsize_4/orig11_texturebg_moveX_amp0.1.mp4,80,halfmag_quarter,24.59930534444445,25.097898233333332,21.699486122222222,0.6264680872592593,0.6540554993703704,0.4882003942222222,,./from_PB/small_motion_quarter_halfmag/v11_fromPBhalfmag_quarter_s2_b1_w23_hm_BEST.mp4,./from_PB/small_motion_quarter_halfmag/v11_fromPBhalfmag_quarter_s1_b1_w15_hm_DEFAULT.mp4,0.7709223111111112,0.7888969888888889,0.6452429444444445,1,11,27.580138400000003,32.55232314444444,11.178927155555556
93,2,23.0,1,4,../momag-database/resultVideos/moveOnly2_downsize_4/mag12_plainbg_moveX_amp0.2_alpha80.mp4,../data/PhaseBasedResults/momag-database/small_motion_quarter_halfmag/orig12_plainbg_moveX_amp0.2-FIRWindowBP-band1.00-14.00-sr30-alpha40-mp0-sigma0-scale1.00-frames1-90-octave.avi,0.8524986444444443,0.884318688888889,0.7895149,../momag-database/resultVideos/moveOnly2_downsize_4/orig12_plainbg_moveX_amp0.2.mp4,40,halfmag_quarter,28.613886422222222,29.682142055555556,26.517826788888893,0.6214425397407407,0.6641801316296296,0.5449735065555555,,./from_PB/small_motion_quarter_halfmag/v12_fromPBhalfmag_quarter_s4_b1_w23_hm_BEST.mp4,./from_PB/small_motion_quarter_halfmag/v12_fromPBhalfmag_quarter_s1_b1_w15_hm_DEFAULT.mp4,0.7974643,0.8327834444444445,0.7428160777777778,1,12,21.43646747777778,27.543826155555553,10.258954188888888
94,2,23.0,1,2,../momag-database/resultVideos/moveOnly2_downsize_4/mag13_texturebg_moveX_amp0.2_alpha80.mp4,../data/PhaseBasedResults/momag-database/small_motion_quarter_halfmag/orig13_texturebg_moveX_amp0.2-FIRWindowBP-band1.00-14.00-sr30-alpha40-mp0-sigma0-scale1.00-frames1-90-octave.avi,0.7457842333333335,0.7521271999999999,0.6568339333333333,../momag-database/resultVideos/moveOnly2_downsize_4/orig13_texturebg_moveX_amp0.2.mp4,40,halfmag_quarter,23.55751061111111,23.774951300000005,21.6702513,0.5334550980000001,0.5433789067777777,0.45413616525925926,,./from_PB/small_motion_quarter_halfmag/v13_fromPBhalfmag_quarter_s2_b1_w23_hm_BEST.mp4,./from_PB/small_motion_quarter_halfmag/v13_fromPBhalfmag_quarter_s1_b1_w15_hm_DEFAULT.mp4,0.6755947333333333,0.6781749555555555,0.6110934666666666,1,13,17.898632733333333,19.98345647777778,9.448109577777778
95,2,7.0,1,2,../momag-database/resultVideos/moveOnly2_downsize_4/mag14_texturebg_moveX_amp0.2_alpha80.mp4,../data/PhaseBasedResults/momag-database/small_motion_quarter_halfmag/orig14_texturebg_moveX_amp0.2-FIRWindowBP-band1.00-14.00-sr30-alpha40-mp0-sigma0-scale1.00-frames1-90-octave.avi,0.7405862444444445,0.746313811111111,0.6928589777777777,../momag-database/resultVideos/moveOnly2_downsize_4/orig14_texturebg_moveX_amp0.2.mp4,40,halfmag_quarter,26.277201377777782,26.232610099999995,25.245433900000005,0.5519690404074075,0.5527377917037036,0.505188194962963,,./from_PB/small_motion_quarter_halfmag/v14_fromPBhalfmag_quarter_s2_b1_w7_hm_BEST.mp4,./from_PB/small_motion_quarter_halfmag/v14_fromPBhalfmag_quarter_s1_b1_w15_hm_DEFAULT.mp4,0.6784022,0.6815043444444444,0.6422787888888889,1,14,23.691867677777783,23.039521955555553,18.04268182222222
96,2,23.0,1,4,../momag-database/resultVideos/moveOnly2_downsize_4/mag15_plainbg_moveX_amp0.4_alpha40.mp4,../data/PhaseBasedResults/momag-database/small_motion_quarter_halfmag/orig15_plainbg_moveX_amp0.4-FIRWindowBP-band1.00-14.00-sr30-alpha20-mp0-sigma0-scale1.00-frames1-90-octave.avi,0.9319178000000001,0.9754302,0.9270862888888889,../momag-database/resultVideos/moveOnly2_downsize_4/orig15_plainbg_moveX_amp0.4.mp4,20,halfmag_quarter,32.99665401111111,36.702754588888894,30.82607615555556,0.7329553745555555,0.8466166206296295,0.6676502848518518,,./from_PB/small_motion_quarter_halfmag/v15_fromPBhalfmag_quarter_s4_b1_w23_hm_BEST.mp4,./from_PB/small_motion_quarter_halfmag/v15_fromPBhalfmag_quarter_s1_b1_w15_hm_DEFAULT.mp4,0.921203411111111,0.9618842777777776,0.9166290555555557,1,15,34.57449125555556,60.2535384111111,15.92355101111111
97,2,15.0,1,2,../momag-database/resultVideos/moveOnly2_downsize_4/mag16_texturebg_moveX_amp0.4_alpha40.mp4,../data/PhaseBasedResults/momag-database/small_motion_quarter_halfmag/orig16_texturebg_moveX_amp0.4-FIRWindowBP-band1.00-14.00-sr30-alpha20-mp0-sigma0-scale1.00-frames1-90-octave.avi,0.9105551333333334,0.9169640555555554,0.8671697777777777,../momag-database/resultVideos/moveOnly2_downsize_4/orig16_texturebg_moveX_amp0.4.mp4,20,halfmag_quarter,27.476465777777776,27.375880922222223,24.597152855555557,0.7432381301111111,0.7460876649259259,0.6602401425185185,,./from_PB/small_motion_quarter_halfmag/v16_fromPBhalfmag_quarter_s2_b1_w15_hm_BEST.mp4,./from_PB/small_motion_quarter_halfmag/v16_fromPBhalfmag_quarter_s1_b1_w15_hm_DEFAULT.mp4,0.8795686111111111,0.8834237666666668,0.8460017777777777,1,16,43.959064588888886,43.78751725555556,26.754887200000006
98,2,23.0,1,1,../momag-database/resultVideos/moveOnly2_downsize_4/mag17_texturebg_moveX_amp0.4_alpha40.mp4,../data/PhaseBasedResults/momag-database/small_motion_quarter_halfmag/orig17_texturebg_moveX_amp0.4-FIRWindowBP-band1.00-14.00-sr30-alpha20-mp0-sigma0-scale1.00-frames1-90-octave.avi,0.9065342000000001,0.9076515333333333,0.8541943555555555,../momag-database/resultVideos/moveOnly2_downsize_4/orig17_texturebg_moveX_amp0.4.mp4,20,halfmag_quarter,28.293050144444447,28.28230242222222,24.80959027777778,0.7545029156296296,0.7579485915555555,0.6615879284444444,,./from_PB/small_motion_quarter_halfmag/v17_fromPBhalfmag_quarter_s1_b1_w23_hm_BEST.mp4,./from_PB/small_motion_quarter_halfmag/v17_fromPBhalfmag_quarter_s1_b1_w15_hm_DEFAULT.mp4,0.8581807666666665,0.8602987555555555,0.8059580333333334,1,17,49.87937802222223,50.58954857777778,32.46113964444444
99,2,23.0,1,4,../momag-database/resultVideos/moveOnly2_downsize_4/mag18_plainbg_moveXY_amp0.1_alpha160.mp4,../data/PhaseBasedResults/momag-database/small_motion_quarter_halfmag/orig18_plainbg_moveXY_amp0.1-FIRWindowBP-band1.00-14.00-sr30-alpha80-mp0-sigma0-scale1.00-frames1-90-octave.avi,0.8605720777777778,0.8932452888888889,0.8167976666666668,../momag-database/resultVideos/moveOnly2_downsize_4/orig18_plainbg_moveXY_amp0.1.mp4,80,halfmag_quarter,25.42058782222222,26.932059166666665,22.96818505555556,0.615969587037037,0.6578772327777778,0.5551460162222223,,./from_PB/small_motion_quarter_halfmag/v18_fromPBhalfmag_quarter_s4_b1_w23_hm_BEST.mp4,./from_PB/small_motion_quarter_halfmag/v18_fromPBhalfmag_quarter_s1_b1_w15_hm_DEFAULT.mp4,0.8424708555555555,0.869217711111111,0.8130229777777779,1,18,14.486582777777777,21.116869833333336,3.5617404222222224
100,2,23.0,1,2,../momag-database/resultVideos/moveOnly2_downsize_4/mag19_texturebg_moveXY_amp0.1_alpha160.mp4,../data/PhaseBasedResults/momag-database/small_motion_quarter_halfmag/orig19_texturebg_moveXY_amp0.1-FIRWindowBP-band1.00-14.00-sr30-alpha80-mp0-sigma0-scale1.00-frames1-90-octave.avi,0.7958972444444447,0.8461200555555555,0.694657788888889,../momag-database/resultVideos/moveOnly2_downsize_4/orig19_texturebg_moveXY_amp0.1.mp4,80,halfmag_quarter,26.420637700000004,27.180910766666667,24.855068611111108,0.6212841445555556,0.6712502054444444,0.5100029142592593,,./from_PB/small_motion_quarter_halfmag/v19_fromPBhalfmag_quarter_s2_b1_w23_hm_BEST.mp4,./from_PB/small_motion_quarter_halfmag/v19_fromPBhalfmag_quarter_s1_b1_w15_hm_DEFAULT.mp4,0.7215730444444445,0.7743785555555557,0.6396400333333333,1,19,34.63821447777778,39.325200522222225,19.571092055555557
101,2,23.0,1,2,../momag-database/resultVideos/moveOnly2_downsize_4/mag20_texturebg_moveXY_amp0.1_alpha160.mp4,../data/PhaseBasedResults/momag-database/small_motion_quarter_halfmag/orig20_texturebg_moveXY_amp0.1-FIRWindowBP-band1.00-14.00-sr30-alpha80-mp0-sigma0-scale1.00-frames1-90-octave.avi,0.7786508444444442,0.845830311111111,0.7118850333333333,../momag-database/resultVideos/moveOnly2_downsize_4/orig20_texturebg_moveXY_amp0.1.mp4,80,halfmag_quarter,24.994806055555557,26.103930811111113,24.17971843333333,0.5426510219629629,0.616879250111111,0.46800445614814823,,./from_PB/small_motion_quarter_halfmag/v20_fromPBhalfmag_quarter_s2_b1_w23_hm_BEST.mp4,./from_PB/small_motion_quarter_halfmag/v20_fromPBhalfmag_quarter_s1_b1_w15_hm_DEFAULT.mp4,0.7118890333333334,0.7705096111111109,0.6615189111111112,1,20,13.741318811111109,23.429782811111117,3.0609424
102,2,23.0,1,4,../momag-database/resultVideos/moveOnly2_downsize_4/mag21_plainbg_moveXY_amp0.2_alpha80.mp4,../data/PhaseBasedResults/momag-database/small_motion_quarter_halfmag/orig21_plainbg_moveXY_amp0.2-FIRWindowBP-band1.00-14.00-sr30-alpha40-mp0-sigma0-scale1.00-frames1-90-octave.avi,0.740350077777778,0.7755242,0.6860012,../momag-database/resultVideos/moveOnly2_downsize_4/orig21_plainbg_moveXY_amp0.2.mp4,40,halfmag_quarter,22.987522700000003,23.876896577777778,21.103271244444446,0.5088835551851852,0.5427830778148147,0.45305007922222224,,./from_PB/small_motion_quarter_halfmag/v21_fromPBhalfmag_quarter_s4_b1_w23_hm_BEST.mp4,./from_PB/small_motion_quarter_halfmag/v21_fromPBhalfmag_quarter_s1_b1_w15_hm_DEFAULT.mp4,0.6775990555555556,0.7069407777777778,0.6477934333333333,1,21,10.87015322222222,14.588425566666665,2.535560433333333
103,2,15.0,1,4,../momag-database/resultVideos/moveOnly2_downsize_4/mag22_texturebg_moveXY_amp0.2_alpha80.mp4,../data/PhaseBasedResults/momag-database/small_motion_quarter_halfmag/orig22_texturebg_moveXY_amp0.2-FIRWindowBP-band1.00-14.00-sr30-alpha40-mp0-sigma0-scale1.00-frames1-90-octave.avi,0.7415860222222223,0.7719867777777776,0.5379256666666667,../momag-database/resultVideos/moveOnly2_downsize_4/orig22_texturebg_moveXY_amp0.2.mp4,40,halfmag_quarter,20.798682677777776,21.48756618888889,18.024092622222224,0.5657434675185186,0.5912666734444444,0.3870540541111111,,./from_PB/small_motion_quarter_halfmag/v22_fromPBhalfmag_quarter_s4_b1_w15_hm_BEST.mp4,./from_PB/small_motion_quarter_halfmag/v22_fromPBhalfmag_quarter_s1_b1_w15_hm_DEFAULT.mp4,0.6702153555555556,0.7052239555555555,0.48156308888888877,1,22,28.54290247777778,29.658928699999997,14.167340677777778
104,2,23.0,1,4,../momag-database/resultVideos/moveOnly2_downsize_4/mag23_texturebg_moveXY_amp0.2_alpha80.mp4,../data/PhaseBasedResults/momag-database/small_motion_quarter_halfmag/orig23_texturebg_moveXY_amp0.2-FIRWindowBP-band1.00-14.00-sr30-alpha40-mp0-sigma0-scale1.00-frames1-90-octave.avi,0.8339474555555557,0.8742646444444442,0.7738289555555555,../momag-database/resultVideos/moveOnly2_downsize_4/orig23_texturebg_moveXY_amp0.2.mp4,40,halfmag_quarter,26.452007655555555,27.782320277777778,24.345992311111115,0.6242586132222222,0.6787322997037036,0.5241708144444445,,./from_PB/small_motion_quarter_halfmag/v23_fromPBhalfmag_quarter_s4_b1_w23_hm_BEST.mp4,./from_PB/small_motion_quarter_halfmag/v23_fromPBhalfmag_quarter_s1_b1_w15_hm_DEFAULT.mp4,0.7866148888888889,0.8254305888888889,0.7514719111111112,1,23,25.221349522222226,33.65016657777778,4.721157666666667
105,2,23.0,1,4,../momag-database/resultVideos/moveOnly2_downsize_4/mag24_plainbg_moveXY_amp0.4_alpha40.mp4,../data/PhaseBasedResults/momag-database/small_motion_quarter_halfmag/orig24_plainbg_moveXY_amp0.4-FIRWindowBP-band1.00-14.00-sr30-alpha20-mp0-sigma0-scale1.00-frames1-90-octave.avi,0.7988732444444445,0.9101988777777779,0.6738960333333333,../momag-database/resultVideos/moveOnly2_downsize_4/orig24_plainbg_moveXY_amp0.4.mp4,20,halfmag_quarter,26.809357977777776,30.000873255555558,24.293623722222225,0.5850867266666667,0.7233279351481481,0.4518838432592592,,./from_PB/small_motion_quarter_halfmag/v24_fromPBhalfmag_quarter_s4_b1_w23_hm_BEST.mp4,./from_PB/small_motion_quarter_halfmag/v24_fromPBhalfmag_quarter_s1_b1_w15_hm_DEFAULT.mp4,0.7409924333333333,0.8652974444444443,0.6218665222222222,1,24,21.539450222222225,39.44874832222222,5.988897422222222
106,2,15.0,1,1,../momag-database/resultVideos/moveOnly2_downsize_4/mag25_texturebg_moveXY_amp0.4_alpha40.mp4,../data/PhaseBasedResults/momag-database/small_motion_quarter_halfmag/orig25_texturebg_moveXY_amp0.4-FIRWindowBP-band1.00-14.00-sr30-alpha20-mp0-sigma0-scale1.00-frames1-90-octave.avi,0.6888927777777778,0.6888927777777778,0.6316485444444444,../momag-database/resultVideos/moveOnly2_downsize_4/orig25_texturebg_moveXY_amp0.4.mp4,20,halfmag_quarter,19.167391422222224,19.167391422222224,19.012081555555557,0.47825102425925925,0.47825102425925925,0.42873387496296295,,./from_PB/small_motion_quarter_halfmag/v25_fromPBhalfmag_quarter_s1_b1_w15_hm_BEST.mp4,./from_PB/small_motion_quarter_halfmag/v25_fromPBhalfmag_quarter_s1_b1_w15_hm_DEFAULT.mp4,0.6119920999999999,0.6119920999999999,0.5959156333333333,1,25,13.386819500000001,13.386819500000001,5.863744711111113
107,2,15.0,1,2,../momag-database/resultVideos/moveOnly2_downsize_4/mag26_texturebg_moveXY_amp0.4_alpha40.mp4,../data/PhaseBasedResults/momag-database/small_motion_quarter_halfmag/orig26_texturebg_moveXY_amp0.4-FIRWindowBP-band1.00-14.00-sr30-alpha20-mp0-sigma0-scale1.00-frames1-90-octave.avi,0.6464988888888888,0.6690913444444444,0.5535523777777778,../momag-database/resultVideos/moveOnly2_downsize_4/orig26_texturebg_moveXY_amp0.4.mp4,20,halfmag_quarter,20.351735644444442,20.59704801111111,19.254930788888885,0.43568547955555553,0.4548062940740741,0.3587998625925926,,./from_PB/small_motion_quarter_halfmag/v26_fromPBhalfmag_quarter_s2_b1_w15_hm_BEST.mp4,./from_PB/small_motion_quarter_halfmag/v26_fromPBhalfmag_quarter_s1_b1_w15_hm_DEFAULT.mp4,0.5385860666666666,0.5554090222222222,0.4857653777777779,1,26,12.19714831111111,13.991851555555554,3.7081832222222224
