,acc_alpha,acc_settings,alpha_2,best_OFwinsize,best_bilatfil_size,best_scale,gt_file,mag_file,ms_ssim,ms_ssim_best,ms_ssim_mag,orig_file,psnr,psnr_best,psnr_mag,score,score_best,score_mag,scorebest_OFwinsize,sfm_best_file,sfm_default_file,ssim,ssim_best,ssim_mag,status,video_num,vmaf,vmaf_best,vmaf_mag
0,16,,1,23.0,1,1,../momag-database/resultVideos/moveHalfLarge_downsize_4/mag0_plainbg_moveY_amp1.0_alpha16_Large.mp4,../data/VideoAccelerationResults/momag-database/large_motion/orig0_plainbg_moveY_amp1.0_Large_fm_2_alpha_16_pylevel_4_kernel_INT.mp4,0.7464453777777778,0.744526966666667,0.7564503333333333,../momag-database/resultVideos/moveHalfLarge_downsize_4/orig0_plainbg_moveY_amp1.0_Large.mp4,24.545017366666666,24.536003377777778,24.599930711111114,0.5061368987037036,0.5069626107407409,0.49961019422222225,,./from_ACC/large_motion/v0_fromACC_s1_b1_w23_BEST.mp4,./from_ACC/large_motion/v0_fromACC_s1_b1_w15_DEFAULT.mp4,0.724553711111111,0.7228503111111111,0.739410388888889,1,0,4.741160722222222,5.3510554444444445,0.29698604444444443
1,16,,1,23.0,1,1,../momag-database/resultVideos/moveHalfLarge_downsize_4/mag1_texturebg_moveY_amp1.0_alpha16_Large.mp4,../data/VideoAccelerationResults/momag-database/large_motion/orig1_texturebg_moveY_amp1.0_Large_fm_2_alpha_16_pylevel_4_kernel_INT.mp4,0.7927948222222222,0.7935111444444444,0.7940160333333334,../momag-database/resultVideos/moveHalfLarge_downsize_4/orig1_texturebg_moveY_amp1.0_Large.mp4,22.736996655555558,22.79503181111111,23.380835933333337,0.6061397622222222,0.6119374665925926,0.5777049161851852,,./from_ACC/large_motion/v1_fromACC_s1_b1_w23_BEST.mp4,./from_ACC/large_motion/v1_fromACC_s1_b1_w15_DEFAULT.mp4,0.8064611333333334,0.8082898222222223,0.8134092555555554,1,1,21.916333111111115,23.401143311111106,12.568945966666666
2,16,,1,15.0,1,1,../momag-database/resultVideos/moveHalfLarge_downsize_4/mag2_texturemovebg_moveY_amp1.0_alpha16_Large.mp4,../data/VideoAccelerationResults/momag-database/large_motion/orig2_texturemovebg_moveY_amp1.0_Large_fm_2_alpha_16_pylevel_4_kernel_INT.mp4,0.8099037888888888,0.8099037888888888,0.8059914777777779,../momag-database/resultVideos/moveHalfLarge_downsize_4/orig2_texturemovebg_moveY_amp1.0_Large.mp4,26.53011134444445,26.53011134444445,26.750610088888884,0.5936386345925926,0.5936386345925926,0.5625552835925927,,./from_ACC/large_motion/v2_fromACC_s1_b1_w15_BEST.mp4,./from_ACC/large_motion/v2_fromACC_s1_b1_w15_DEFAULT.mp4,0.8080721111111112,0.8080721111111112,0.8122904777777776,1,2,16.294000377777778,16.294000377777778,6.938389522222223
3,8,,1,7.0,1,1,../momag-database/resultVideos/moveHalfLarge_downsize_4/mag3_plainbg_moveY_amp2.0_alpha8_Large.mp4,../data/VideoAccelerationResults/momag-database/large_motion/orig3_plainbg_moveY_amp2.0_Large_fm_2_alpha_8_pylevel_4_kernel_INT.mp4,0.7764427777777778,0.7813552666666667,0.7825316111111111,../momag-database/resultVideos/moveHalfLarge_downsize_4/orig3_plainbg_moveY_amp2.0_Large.mp4,27.114889988888894,27.21126423333333,26.821742522222223,0.5325039518888889,0.5334477264814815,0.5321601435555556,,./from_ACC/large_motion/v3_fromACC_s1_b1_w7_BEST.mp4,./from_ACC/large_motion/v3_fromACC_s1_b1_w15_DEFAULT.mp4,0.7655325999999999,0.7699343000000001,0.7825988000000001,1,3,5.55364778888889,4.905361277777778,3.135001955555556
4,8,,1,15.0,1,1,../momag-database/resultVideos/moveHalfLarge_downsize_4/mag4_texturebg_moveY_amp2.0_alpha8_Large.mp4,../data/VideoAccelerationResults/momag-database/large_motion/orig4_texturebg_moveY_amp2.0_Large_fm_2_alpha_8_pylevel_4_kernel_INT.mp4,0.9065222555555557,0.9065222555555557,0.9079997666666666,../momag-database/resultVideos/moveHalfLarge_downsize_4/orig4_texturebg_moveY_amp2.0_Large.mp4,25.97773603333333,25.97773603333333,26.4585036,0.8250317937037037,0.8250317937037037,0.8078434054074073,,./from_ACC/large_motion/v4_fromACC_s1_b1_w15_BEST.mp4,./from_ACC/large_motion/v4_fromACC_s1_b1_w15_DEFAULT.mp4,0.8949052888888888,0.8949052888888888,0.8995078888888889,1,4,67.36678366666666,67.36678366666666,61.602256066666655
5,8,,1,23.0,1,1,../momag-database/resultVideos/moveHalfLarge_downsize_4/mag5_texturemovebg_moveY_amp2.0_alpha8_Large.mp4,../data/VideoAccelerationResults/momag-database/large_motion/orig5_texturemovebg_moveY_amp2.0_Large_fm_2_alpha_8_pylevel_4_kernel_INT.mp4,0.8091263666666666,0.8082101555555556,0.7993168777777778,../momag-database/resultVideos/moveHalfLarge_downsize_4/orig5_texturemovebg_moveY_amp2.0_Large.mp4,19.570123133333333,19.571948611111115,20.3870873,0.5610960431481481,0.5621781980370371,0.5405636344444446,,./from_ACC/large_motion/v5_fromACC_s1_b1_w23_BEST.mp4,./from_ACC/large_motion/v5_fromACC_s1_b1_w15_DEFAULT.mp4,0.7914382777777779,0.7908027666666666,0.7890736666666668,1,5,8.2723485,8.752167188888889,3.3300358888888892
6,4,,1,7.0,1,1,../momag-database/resultVideos/moveHalfLarge_downsize_4/mag6_plainbg_moveY_amp4.0_alpha4_Large.mp4,../data/VideoAccelerationResults/momag-database/large_motion/orig6_plainbg_moveY_amp4.0_Large_fm_2_alpha_4_pylevel_4_kernel_INT.mp4,0.7151180666666667,0.7216840666666666,0.7064709777777778,../momag-database/resultVideos/moveHalfLarge_downsize_4/orig6_plainbg_moveY_amp4.0_Large.mp4,22.499129733333334,22.511174066666666,21.97942352222222,0.4880940847407407,0.4885879057037037,0.47065668611111117,,./from_ACC/large_motion/v6_fromACC_s1_b1_w7_BEST.mp4,./from_ACC/large_motion/v6_fromACC_s1_b1_w15_DEFAULT.mp4,0.6995404666666667,0.7054903888888889,0.6944382777777778,1,6,4.9623720888888885,3.858926155555556,1.1060802777777778
7,4,,1,23.0,1,1,../momag-database/resultVideos/moveHalfLarge_downsize_4/mag7_texturebg_moveY_amp4.0_alpha4_Large.mp4,../data/VideoAccelerationResults/momag-database/large_motion/orig7_texturebg_moveY_amp4.0_Large_fm_2_alpha_4_pylevel_4_kernel_INT.mp4,0.7043791111111111,0.7052130333333334,0.7093407,../momag-database/resultVideos/moveHalfLarge_downsize_4/orig7_texturebg_moveY_amp4.0_Large.mp4,24.026678355555553,24.12408223333333,24.597873122222218,0.5856554732222222,0.5887316426666667,0.5764047765555556,,./from_ACC/large_motion/v7_fromACC_s1_b1_w23_BEST.mp4,./from_ACC/large_motion/v7_fromACC_s1_b1_w15_DEFAULT.mp4,0.6848975555555554,0.686185088888889,0.6971354111111111,1,7,36.7689753,37.47968057777778,32.27382185555556
8,4,,1,23.0,1,1,../momag-database/resultVideos/moveHalfLarge_downsize_4/mag8_texturemovebg_moveY_amp4.0_alpha4_Large.mp4,../data/VideoAccelerationResults/momag-database/large_motion/orig8_texturemovebg_moveY_amp4.0_Large_fm_2_alpha_4_pylevel_4_kernel_INT.mp4,0.7790566333333334,0.7788818222222221,0.783672188888889,../momag-database/resultVideos/moveHalfLarge_downsize_4/orig8_texturemovebg_moveY_amp4.0_Large.mp4,23.21618143333333,23.2227527,23.547867455555554,0.577921923037037,0.5800949804814813,0.5501338968518519,,./from_ACC/large_motion/v8_fromACC_s1_b1_w23_BEST.mp4,./from_ACC/large_motion/v8_fromACC_s1_b1_w15_DEFAULT.mp4,0.7432035777777778,0.7434518333333333,0.7526862222222224,1,8,21.150555800000003,21.795128588888886,11.404327944444445
9,16,,1,23.0,1,8,../momag-database/resultVideos/moveHalfLarge_downsize_4/mag9_plainbg_moveX_amp1.0_alpha16_Large.mp4,../data/VideoAccelerationResults/momag-database/large_motion/orig9_plainbg_moveX_amp1.0_Large_fm_2_alpha_16_pylevel_4_kernel_INT.mp4,0.8994591222222221,0.8990036666666666,0.9003943888888889,../momag-database/resultVideos/moveHalfLarge_downsize_4/orig9_plainbg_moveX_amp1.0_Large.mp4,26.974878899999997,26.938612111111116,27.734987911111112,0.608498885185185,0.6098636325185186,0.6018692582222223,,./from_ACC/large_motion/v9_fromACC_s8_b1_w23_BEST.mp4,./from_ACC/large_motion/v9_fromACC_s1_b1_w15_DEFAULT.mp4,0.8989859111111109,0.8978851333333334,0.9039814666666667,1,9,2.705162222222222,3.2702097555555554,0.1231919111111111
10,16,,1,23.0,1,1,../momag-database/resultVideos/moveHalfLarge_downsize_4/mag10_texturebg_moveX_amp1.0_alpha16_Large.mp4,../data/VideoAccelerationResults/momag-database/large_motion/orig10_texturebg_moveX_amp1.0_Large_fm_2_alpha_16_pylevel_4_kernel_INT.mp4,0.7174424555555556,0.7198957333333333,0.7180096666666667,../momag-database/resultVideos/moveHalfLarge_downsize_4/orig10_texturebg_moveX_amp1.0_Large.mp4,22.224163044444445,22.35299241111111,23.13968787777778,0.614618635,0.6221482142222222,0.588864600074074,,./from_ACC/large_motion/v10_fromACC_s1_b1_w23_BEST.mp4,./from_ACC/large_motion/v10_fromACC_s1_b1_w15_DEFAULT.mp4,0.6985746444444444,0.7024933777777778,0.7200138666666667,1,10,42.78388050000001,44.40555315555556,32.85702668888889
11,16,,1,23.0,1,1,../momag-database/resultVideos/moveHalfLarge_downsize_4/mag11_texturemovebg_moveX_amp1.0_alpha16_Large.mp4,../data/VideoAccelerationResults/momag-database/large_motion/orig11_texturemovebg_moveX_amp1.0_Large_fm_2_alpha_16_pylevel_4_kernel_INT.mp4,0.4764135444444445,0.4749393666666667,0.4661866888888889,../momag-database/resultVideos/moveHalfLarge_downsize_4/orig11_texturemovebg_moveX_amp1.0_Large.mp4,18.64089611111111,18.645051877777778,19.39141958888889,0.3409940297777778,0.3431508005185186,0.3188413969259259,,./from_ACC/large_motion/v11_fromACC_s1_b1_w23_BEST.mp4,./from_ACC/large_motion/v11_fromACC_s1_b1_w15_DEFAULT.mp4,0.4981527666666667,0.4999587333333334,0.47811159999999997,1,11,4.841577822222222,5.455430155555556,1.2225901888888888
12,8,,1,7.0,1,1,../momag-database/resultVideos/moveHalfLarge_downsize_4/mag12_plainbg_moveX_amp2.0_alpha8_Large.mp4,../data/VideoAccelerationResults/momag-database/large_motion/orig12_plainbg_moveX_amp2.0_Large_fm_2_alpha_8_pylevel_4_kernel_INT.mp4,0.6955159222222222,0.7025844777777778,0.7099237444444444,../momag-database/resultVideos/moveHalfLarge_downsize_4/orig12_plainbg_moveX_amp2.0_Large.mp4,24.369695844444443,24.43371372222222,24.953578644444445,0.48026640077777777,0.4824886780740741,0.4841694177037037,,./from_ACC/large_motion/v12_fromACC_s1_b1_w7_BEST.mp4,./from_ACC/large_motion/v12_fromACC_s1_b1_w15_DEFAULT.mp4,0.7040893555555556,0.7089434111111111,0.7289024888888888,1,12,4.119392455555555,3.5938145333333336,1.3682019777777779
13,8,,1,15.0,1,1,../momag-database/resultVideos/moveHalfLarge_downsize_4/mag13_texturebg_moveX_amp2.0_alpha8_Large.mp4,../data/VideoAccelerationResults/momag-database/large_motion/orig13_texturebg_moveX_amp2.0_Large_fm_2_alpha_8_pylevel_4_kernel_INT.mp4,0.5555189,0.5555189,0.5612823888888888,../momag-database/resultVideos/moveHalfLarge_downsize_4/orig13_texturebg_moveX_amp2.0_Large.mp4,19.67425488888889,19.67425488888889,20.656309811111115,0.4204983467407408,0.4204983467407408,0.40903442066666656,,./from_ACC/large_motion/v13_fromACC_s1_b1_w15_BEST.mp4,./from_ACC/large_motion/v13_fromACC_s1_b1_w15_DEFAULT.mp4,0.5646651222222222,0.5646651222222222,0.5810957444444445,1,13,14.1311018,14.1311018,8.472512866666667
14,8,,1,23.0,1,2,../momag-database/resultVideos/moveHalfLarge_downsize_4/mag14_texturemovebg_moveX_amp2.0_alpha8_Large.mp4,../data/VideoAccelerationResults/momag-database/large_motion/orig14_texturemovebg_moveX_amp2.0_Large_fm_2_alpha_8_pylevel_4_kernel_INT.mp4,0.7801869444444445,0.7831906777777777,0.7314553666666667,../momag-database/resultVideos/moveHalfLarge_downsize_4/orig14_texturemovebg_moveX_amp2.0_Large.mp4,23.32211138888889,23.61330324444445,22.171412966666665,0.6781096752222223,0.6896630682222223,0.5608594215555556,,./from_ACC/large_motion/v14_fromACC_s2_b1_w23_BEST.mp4,./from_ACC/large_motion/v14_fromACC_s1_b1_w15_DEFAULT.mp4,0.7347434,0.7398347777777778,0.651534711111111,1,14,51.93986812222223,54.59637491111111,29.95881868888889
15,4,,1,15.0,1,1,../momag-database/resultVideos/moveHalfLarge_downsize_4/mag15_plainbg_moveX_amp4.0_alpha4_Large.mp4,../data/VideoAccelerationResults/momag-database/large_motion/orig15_plainbg_moveX_amp4.0_Large_fm_2_alpha_4_pylevel_4_kernel_INT.mp4,0.8953195111111113,0.8953195111111113,0.877359923076923,../momag-database/resultVideos/moveHalfLarge_downsize_4/orig15_plainbg_moveX_amp4.0_Large.mp4,29.581243255555556,29.581243255555556,29.23283280769231,0.6286807412962964,0.6286807412962964,0.6087379433333333,,./from_ACC/large_motion/v15_fromACC_s1_b1_w15_BEST.mp4,./from_ACC/large_motion/v15_fromACC_s1_b1_w15_DEFAULT.mp4,0.9060041555555554,0.9060041555555554,0.8941642307692307,1,15,8.471855722222223,8.471855722222223,5.4689676153846145
16,4,,1,23.0,1,1,../momag-database/resultVideos/moveHalfLarge_downsize_4/mag16_texturebg_moveX_amp4.0_alpha4_Large.mp4,../data/VideoAccelerationResults/momag-database/large_motion/orig16_texturebg_moveX_amp4.0_Large_fm_2_alpha_4_pylevel_4_kernel_INT.mp4,0.800958911111111,0.8024378333333333,0.8002407333333335,../momag-database/resultVideos/moveHalfLarge_downsize_4/orig16_texturebg_moveX_amp4.0_Large.mp4,23.221438088888892,23.359794355555554,23.60764078888889,0.6926201396296294,0.6967458392592593,0.6748917448888889,,./from_ACC/large_motion/v16_fromACC_s1_b1_w23_BEST.mp4,./from_ACC/large_motion/v16_fromACC_s1_b1_w15_DEFAULT.mp4,0.8058191888888888,0.8082170333333333,0.8066568555555557,1,16,47.10823188888889,47.958265111111096,41.77776457777777
17,4,,1,23.0,1,1,../momag-database/resultVideos/moveHalfLarge_downsize_4/mag17_texturemovebg_moveX_amp4.0_alpha4_Large.mp4,../data/VideoAccelerationResults/momag-database/large_motion/orig17_texturemovebg_moveX_amp4.0_Large_fm_2_alpha_4_pylevel_4_kernel_INT.mp4,0.8076249666666667,0.8069350444444443,0.8128103222222223,../momag-database/resultVideos/moveHalfLarge_downsize_4/orig17_texturemovebg_moveX_amp4.0_Large.mp4,24.898370811111104,24.93627294444444,25.222785855555557,0.6575425955925926,0.6598285652962962,0.623077950888889,,./from_ACC/large_motion/v17_fromACC_s1_b1_w23_BEST.mp4,./from_ACC/large_motion/v17_fromACC_s1_b1_w15_DEFAULT.mp4,0.7860226222222222,0.7856789444444443,0.7951236444444444,1,17,37.89801978888889,38.687170699999996,26.129988600000004
18,16,,1,7.0,1,1,../momag-database/resultVideos/moveHalfLarge_downsize_4/mag18_plainbg_moveXY_amp1.0_alpha16_Large.mp4,../data/VideoAccelerationResults/momag-database/large_motion/orig18_plainbg_moveXY_amp1.0_Large_fm_2_alpha_16_pylevel_4_kernel_INT.mp4,0.745173288888889,0.750534088888889,0.7464326,../momag-database/resultVideos/moveHalfLarge_downsize_4/orig18_plainbg_moveXY_amp1.0_Large.mp4,20.03456961111111,20.163389066666667,20.716459144444443,0.5143492813333334,0.5169008986666667,0.5148858534814816,,./from_ACC/large_motion/v18_fromACC_s1_b1_w7_BEST.mp4,./from_ACC/large_motion/v18_fromACC_s1_b1_w15_DEFAULT.mp4,0.7898225333333334,0.7927645666666665,0.7936540111111114,1,18,0.8052021777777778,0.7404040444444444,0.45709493333333334
19,16,,1,7.0,1,1,../momag-database/resultVideos/moveHalfLarge_downsize_4/mag19_texturebg_moveXY_amp1.0_alpha16_Large.mp4,../data/VideoAccelerationResults/momag-database/large_motion/orig19_texturebg_moveXY_amp1.0_Large_fm_2_alpha_16_pylevel_4_kernel_INT.mp4,0.637382311111111,0.6418292999999999,0.6598764666666667,../momag-database/resultVideos/moveHalfLarge_downsize_4/orig19_texturebg_moveXY_amp1.0_Large.mp4,23.477607133333333,23.534504755555552,24.375261111111115,0.4807768258148148,0.4827775236296296,0.4921510792222223,,./from_ACC/large_motion/v19_fromACC_s1_b1_w7_BEST.mp4,./from_ACC/large_motion/v19_fromACC_s1_b1_w15_DEFAULT.mp4,0.6295985000000001,0.6338978888888889,0.6664921222222223,1,19,17.534966633333333,17.2605382,15.008464877777776
20,16,,1,7.0,1,1,../momag-database/resultVideos/moveHalfLarge_downsize_4/mag20_texturemovebg_moveXY_amp1.0_alpha16_Large.mp4,../data/VideoAccelerationResults/momag-database/large_motion/orig20_texturemovebg_moveXY_amp1.0_Large_fm_2_alpha_16_pylevel_4_kernel_INT.mp4,0.6274720666666668,0.6339630555555557,0.6421238555555556,../momag-database/resultVideos/moveHalfLarge_downsize_4/orig20_texturemovebg_moveXY_amp1.0_Large.mp4,21.551602888888887,21.64961298888889,22.35869001111111,0.4288916935555556,0.4320661980740741,0.4406054032592593,,./from_ACC/large_motion/v20_fromACC_s1_b1_w7_BEST.mp4,./from_ACC/large_motion/v20_fromACC_s1_b1_w15_DEFAULT.mp4,0.6522130777777778,0.656510911111111,0.6772795444444445,1,20,0.6989936222222222,0.5724627555555556,0.2412809777777778
21,8,,1,7.0,1,1,../momag-database/resultVideos/moveHalfLarge_downsize_4/mag21_plainbg_moveXY_amp2.0_alpha8_Large.mp4,../data/VideoAccelerationResults/momag-database/large_motion/orig21_plainbg_moveXY_amp2.0_Large_fm_2_alpha_8_pylevel_4_kernel_INT.mp4,0.6058326333333334,0.6126229555555555,0.6190798666666667,../momag-database/resultVideos/moveHalfLarge_downsize_4/orig21_plainbg_moveXY_amp2.0_Large.mp4,20.96698701111111,21.064272433333333,21.599651166666668,0.41228725855555554,0.416105285074074,0.4250388441111111,,./from_ACC/large_motion/v21_fromACC_s1_b1_w7_BEST.mp4,./from_ACC/large_motion/v21_fromACC_s1_b1_w15_DEFAULT.mp4,0.6231043333333333,0.6283334,0.6521188777777778,1,21,0.7924809,0.7359499666666666,0.3917787888888889
22,8,,1,15.0,1,1,../momag-database/resultVideos/moveHalfLarge_downsize_4/mag22_texturebg_moveXY_amp2.0_alpha8_Large.mp4,../data/VideoAccelerationResults/momag-database/large_motion/orig22_texturebg_moveXY_amp2.0_Large_fm_2_alpha_8_pylevel_4_kernel_INT.mp4,0.5644133777777779,0.5644133777777779,0.5606423111111111,../momag-database/resultVideos/moveHalfLarge_downsize_4/orig22_texturebg_moveXY_amp2.0_Large.mp4,17.093993733333335,17.093993733333335,17.870137444444442,0.42790291118518525,0.42790291118518525,0.4153616994814815,,./from_ACC/large_motion/v22_fromACC_s1_b1_w15_BEST.mp4,./from_ACC/large_motion/v22_fromACC_s1_b1_w15_DEFAULT.mp4,0.5880613777777778,0.5880613777777778,0.5845161777777778,1,22,13.123397800000003,13.123397800000003,10.092660955555557
23,8,,1,23.0,1,1,../momag-database/resultVideos/moveHalfLarge_downsize_4/mag23_texturemovebg_moveXY_amp2.0_alpha8_Large.mp4,../data/VideoAccelerationResults/momag-database/large_motion/orig23_texturemovebg_moveXY_amp2.0_Large_fm_2_alpha_8_pylevel_4_kernel_INT.mp4,0.6685124111111111,0.6664182000000001,0.6752377777777777,../momag-database/resultVideos/moveHalfLarge_downsize_4/orig23_texturemovebg_moveXY_amp2.0_Large.mp4,20.322683466666664,20.29361624444444,21.197124088888888,0.4894042895925926,0.49003705688888893,0.464023340962963,,./from_ACC/large_motion/v23_fromACC_s1_b1_w23_BEST.mp4,./from_ACC/large_motion/v23_fromACC_s1_b1_w15_DEFAULT.mp4,0.6697974111111111,0.6702319777777779,0.6671243888888889,1,23,12.990304655555555,13.34609928888889,4.970785622222222
24,4,,1,7.0,1,1,../momag-database/resultVideos/moveHalfLarge_downsize_4/mag24_plainbg_moveXY_amp4.0_alpha4_Large.mp4,../data/VideoAccelerationResults/momag-database/large_motion/orig24_plainbg_moveXY_amp4.0_Large_fm_2_alpha_4_pylevel_4_kernel_INT.mp4,0.5758908888888888,0.5823570666666668,0.5878965444444445,../momag-database/resultVideos/moveHalfLarge_downsize_4/orig24_plainbg_moveXY_amp4.0_Large.mp4,22.428023033333332,22.519019233333335,23.100065755555555,0.39440118225925924,0.3977076471111112,0.40347666311111113,,./from_ACC/large_motion/v24_fromACC_s1_b1_w7_BEST.mp4,./from_ACC/large_motion/v24_fromACC_s1_b1_w15_DEFAULT.mp4,0.5962470999999999,0.6004707666666667,0.6157398444444444,1,24,1.106555788888889,1.0295108,0.6793600444444444
25,4,,1,7.0,1,1,../momag-database/resultVideos/moveHalfLarge_downsize_4/mag25_texturebg_moveXY_amp4.0_alpha4_Large.mp4,../data/VideoAccelerationResults/momag-database/large_motion/orig25_texturebg_moveXY_amp4.0_Large_fm_2_alpha_4_pylevel_4_kernel_INT.mp4,0.7058036888888889,0.7078979777777779,0.7168550777777778,../momag-database/resultVideos/moveHalfLarge_downsize_4/orig25_texturebg_moveXY_amp4.0_Large.mp4,19.512555144444445,19.533083333333334,20.579436144444443,0.47377881837037034,0.47479856851851854,0.482240631037037,,./from_ACC/large_motion/v25_fromACC_s1_b1_w7_BEST.mp4,./from_ACC/large_motion/v25_fromACC_s1_b1_w15_DEFAULT.mp4,0.7086587999999999,0.7108065666666666,0.7270324888888889,1,25,0.6873966222222222,0.5691161111111112,0.28343264444444444
26,4,,1,7.0,1,1,../momag-database/resultVideos/moveHalfLarge_downsize_4/mag26_texturemovebg_moveXY_amp4.0_alpha4_Large.mp4,../data/VideoAccelerationResults/momag-database/large_motion/orig26_texturemovebg_moveXY_amp4.0_Large_fm_2_alpha_4_pylevel_4_kernel_INT.mp4,0.5037201000000001,0.5080403777777778,0.5213617555555555,../momag-database/resultVideos/moveHalfLarge_downsize_4/orig26_texturemovebg_moveXY_amp4.0_Large.mp4,19.069040899999997,19.115906444444445,19.901928988888887,0.3380248762222222,0.34059087233333335,0.3525575967777777,,./from_ACC/large_motion/v26_fromACC_s1_b1_w7_BEST.mp4,./from_ACC/large_motion/v26_fromACC_s1_b1_w15_DEFAULT.mp4,0.5080992999999999,0.5112719333333334,0.5353485555555554,1,26,0.22552286666666665,0.24603058888888893,0.09624792222222221
27,8,halfmag,2,23.0,1,1,../momag-database/resultVideos/moveHalfLarge_downsize_4/mag0_plainbg_moveY_amp1.0_alpha16_Large.mp4,../data/VideoAccelerationResults/momag-database/large_motion_halfmag/orig0_plainbg_moveY_amp1.0_Large_fm_2_alpha_8_pylevel_4_kernel_INT.mp4,0.7435192777777776,0.7423274888888888,0.778202511111111,../momag-database/resultVideos/moveHalfLarge_downsize_4/orig0_plainbg_moveY_amp1.0_Large.mp4,24.41059534444444,24.418690622222222,25.11176365555556,0.5019514582222221,0.5037330872962963,0.5179469708148148,,./from_ACC/large_motion_halfmag/v0_fromACChalfmag_s1_b1_w23_hm_BEST.mp4,./from_ACC/large_motion_halfmag/v0_fromACChalfmag_s1_b1_w15_hm_DEFAULT.mp4,0.7221032000000001,0.7210704555555555,0.7547827444444443,1,0,4.0231896888888885,4.780131744444444,2.085565688888889
28,8,halfmag,2,23.0,1,1,../momag-database/resultVideos/moveHalfLarge_downsize_4/mag1_texturebg_moveY_amp1.0_alpha16_Large.mp4,../data/VideoAccelerationResults/momag-database/large_motion_halfmag/orig1_texturebg_moveY_amp1.0_Large_fm_2_alpha_8_pylevel_4_kernel_INT.mp4,0.7927676777777779,0.7943813000000001,0.816468011111111,../momag-database/resultVideos/moveHalfLarge_downsize_4/orig1_texturebg_moveY_amp1.0_Large.mp4,22.759455899999995,22.83398527777778,23.87408386666667,0.6045220447777778,0.6112133904074074,0.6072657343333332,,./from_ACC/large_motion_halfmag/v1_fromACChalfmag_s1_b1_w23_hm_BEST.mp4,./from_ACC/large_motion_halfmag/v1_fromACChalfmag_s1_b1_w15_hm_DEFAULT.mp4,0.808184411111111,0.8104277333333333,0.8259718333333332,1,1,21.261404544444446,22.883113788888892,17.935735855555556
29,8,halfmag,2,23.0,1,1,../momag-database/resultVideos/moveHalfLarge_downsize_4/mag2_texturemovebg_moveY_amp1.0_alpha16_Large.mp4,../data/VideoAccelerationResults/momag-database/large_motion_halfmag/orig2_texturemovebg_moveY_amp1.0_Large_fm_2_alpha_8_pylevel_4_kernel_INT.mp4,0.8051602666666666,0.8052583555555556,0.8320360444444443,../momag-database/resultVideos/moveHalfLarge_downsize_4/orig2_texturemovebg_moveY_amp1.0_Large.mp4,26.382623466666665,26.429463288888886,27.546354177777783,0.5869202721851852,0.592683373074074,0.5947285615185185,,./from_ACC/large_motion_halfmag/v2_fromACChalfmag_s1_b1_w23_hm_BEST.mp4,./from_ACC/large_motion_halfmag/v2_fromACChalfmag_s1_b1_w15_hm_DEFAULT.mp4,0.8043143333333334,0.8059715888888889,0.8288120444444443,1,2,15.128621655555554,16.68201747777778,12.333759566666666
30,4,halfmag,2,23.0,1,1,../momag-database/resultVideos/moveHalfLarge_downsize_4/mag3_plainbg_moveY_amp2.0_alpha8_Large.mp4,../data/VideoAccelerationResults/momag-database/large_motion_halfmag/orig3_plainbg_moveY_amp2.0_Large_fm_2_alpha_4_pylevel_4_kernel_INT.mp4,0.7742961999999998,0.7727792333333332,0.7995528333333335,../momag-database/resultVideos/moveHalfLarge_downsize_4/orig3_plainbg_moveY_amp2.0_Large.mp4,27.056545800000002,27.029214755555554,27.059988022222225,0.5304194109999999,0.5307029808148148,0.5456968797777778,,./from_ACC/large_motion_halfmag/v3_fromACChalfmag_s1_b1_w23_hm_BEST.mp4,./from_ACC/large_motion_halfmag/v3_fromACChalfmag_s1_b1_w15_hm_DEFAULT.mp4,0.7643246444444445,0.7631203222222223,0.7873644555555555,1,3,5.263738855555555,5.620938688888889,5.017335044444445
31,4,halfmag,2,23.0,1,1,../momag-database/resultVideos/moveHalfLarge_downsize_4/mag4_texturebg_moveY_amp2.0_alpha8_Large.mp4,../data/VideoAccelerationResults/momag-database/large_motion_halfmag/orig4_texturebg_moveY_amp2.0_Large_fm_2_alpha_4_pylevel_4_kernel_INT.mp4,0.9063406666666667,0.9076739444444444,0.9178659555555555,../momag-database/resultVideos/moveHalfLarge_downsize_4/orig4_texturebg_moveY_amp2.0_Large.mp4,25.940121666666663,26.05339696666667,26.954975922222225,0.8215065225555556,0.8264095341851853,0.8251103808888889,,./from_ACC/large_motion_halfmag/v4_fromACChalfmag_s1_b1_w23_hm_BEST.mp4,./from_ACC/large_motion_halfmag/v4_fromACChalfmag_s1_b1_w15_hm_DEFAULT.mp4,0.8942963777777778,0.8962948222222222,0.906809388888889,1,4,66.38825232222221,67.52598358888889,65.06557982222223
32,4,halfmag,2,23.0,1,1,../momag-database/resultVideos/moveHalfLarge_downsize_4/mag5_texturemovebg_moveY_amp2.0_alpha8_Large.mp4,../data/VideoAccelerationResults/momag-database/large_motion_halfmag/orig5_texturemovebg_moveY_amp2.0_Large_fm_2_alpha_4_pylevel_4_kernel_INT.mp4,0.8063721222222223,0.8072713555555556,0.8148777666666667,../momag-database/resultVideos/moveHalfLarge_downsize_4/orig5_texturemovebg_moveY_amp2.0_Large.mp4,19.508501744444445,19.546165422222224,20.314410866666666,0.5566137222592592,0.5595119217407407,0.5529595759259259,,./from_ACC/large_motion_halfmag/v5_fromACChalfmag_s1_b1_w23_hm_BEST.mp4,./from_ACC/large_motion_halfmag/v5_fromACChalfmag_s1_b1_w15_hm_DEFAULT.mp4,0.7901143222222221,0.7908753111111111,0.7887464666666667,1,5,7.335472233333332,8.038909855555554,5.525449444444445
33,2,halfmag,2,7.0,1,1,../momag-database/resultVideos/moveHalfLarge_downsize_4/mag6_plainbg_moveY_amp4.0_alpha4_Large.mp4,../data/VideoAccelerationResults/momag-database/large_motion_halfmag/orig6_plainbg_moveY_amp4.0_Large_fm_2_alpha_2_pylevel_4_kernel_INT.mp4,0.7097551777777777,0.7172787222222223,0.7307956333333334,../momag-database/resultVideos/moveHalfLarge_downsize_4/orig6_plainbg_moveY_amp4.0_Large.mp4,22.160447344444446,22.155426033333335,22.627948955555556,0.47294194707407405,0.47504291933333337,0.4825695194814816,,./from_ACC/large_motion_halfmag/v6_fromACChalfmag_s1_b1_w7_hm_BEST.mp4,./from_ACC/large_motion_halfmag/v6_fromACChalfmag_s1_b1_w15_hm_DEFAULT.mp4,0.692563511111111,0.6988880222222222,0.7113407222222223,1,6,1.6507152333333333,0.8962013555555555,0.5572202888888889
34,2,halfmag,2,23.0,1,1,../momag-database/resultVideos/moveHalfLarge_downsize_4/mag7_texturebg_moveY_amp4.0_alpha4_Large.mp4,../data/VideoAccelerationResults/momag-database/large_motion_halfmag/orig7_texturebg_moveY_amp4.0_Large_fm_2_alpha_2_pylevel_4_kernel_INT.mp4,0.7105144111111111,0.7104363444444444,0.7481706333333333,../momag-database/resultVideos/moveHalfLarge_downsize_4/orig7_texturebg_moveY_amp4.0_Large.mp4,24.024763511111107,24.084072388888895,25.246809433333333,0.5842944304814814,0.5874879982222222,0.602670379925926,,./from_ACC/large_motion_halfmag/v7_fromACChalfmag_s1_b1_w23_hm_BEST.mp4,./from_ACC/large_motion_halfmag/v7_fromACChalfmag_s1_b1_w15_hm_DEFAULT.mp4,0.6884051333333333,0.6894376888888889,0.726070388888889,1,7,35.396374699999996,36.25899613333333,33.37701175555556
35,2,halfmag,2,23.0,1,4,../momag-database/resultVideos/moveHalfLarge_downsize_4/mag8_texturemovebg_moveY_amp4.0_alpha4_Large.mp4,../data/VideoAccelerationResults/momag-database/large_motion_halfmag/orig8_texturemovebg_moveY_amp4.0_Large_fm_2_alpha_2_pylevel_4_kernel_INT.mp4,0.7736286333333333,0.7881155777777777,0.7996636444444445,../momag-database/resultVideos/moveHalfLarge_downsize_4/orig8_texturemovebg_moveY_amp4.0_Large.mp4,22.823717322222222,23.351675455555554,24.070309788888892,0.5391563272222223,0.5724744644074073,0.5398263044814816,,./from_ACC/large_motion_halfmag/v8_fromACChalfmag_s4_b1_w23_hm_BEST.mp4,./from_ACC/large_motion_halfmag/v8_fromACChalfmag_s1_b1_w15_hm_DEFAULT.mp4,0.7234637777777779,0.7423206555555555,0.7544972333333334,1,8,12.037657055555558,18.69871598888889,6.531803566666667
36,8,halfmag,2,23.0,1,8,../momag-database/resultVideos/moveHalfLarge_downsize_4/mag9_plainbg_moveX_amp1.0_alpha16_Large.mp4,../data/VideoAccelerationResults/momag-database/large_motion_halfmag/orig9_plainbg_moveX_amp1.0_Large_fm_2_alpha_8_pylevel_4_kernel_INT.mp4,0.8988797888888889,0.8980347444444444,0.9071411888888887,../momag-database/resultVideos/moveHalfLarge_downsize_4/orig9_plainbg_moveX_amp1.0_Large.mp4,26.932662333333333,26.85513925555556,27.900874833333333,0.6073247338148148,0.608376047925926,0.6091376094444444,,./from_ACC/large_motion_halfmag/v9_fromACChalfmag_s8_b1_w23_hm_BEST.mp4,./from_ACC/large_motion_halfmag/v9_fromACChalfmag_s1_b1_w15_hm_DEFAULT.mp4,0.8985701222222221,0.8970829888888889,0.9063385444444443,1,9,2.4524290333333334,3.001041044444444,1.3933095
37,8,halfmag,2,23.0,1,1,../momag-database/resultVideos/moveHalfLarge_downsize_4/mag10_texturebg_moveX_amp1.0_alpha16_Large.mp4,../data/VideoAccelerationResults/momag-database/large_motion_halfmag/orig10_texturebg_moveX_amp1.0_Large_fm_2_alpha_8_pylevel_4_kernel_INT.mp4,0.7180558888888888,0.7209665777777778,0.744349088888889,../momag-database/resultVideos/moveHalfLarge_downsize_4/orig10_texturebg_moveX_amp1.0_Large.mp4,22.21601766666667,22.341496666666668,23.636934177777775,0.613636435962963,0.6211754714444445,0.6173443512962963,,./from_ACC/large_motion_halfmag/v10_fromACChalfmag_s1_b1_w23_hm_BEST.mp4,./from_ACC/large_motion_halfmag/v10_fromACChalfmag_s1_b1_w15_hm_DEFAULT.mp4,0.7017269111111111,0.7058798777777778,0.7330718444444445,1,10,42.11265078888889,43.66799587777778,37.46121205555555
38,8,halfmag,2,23.0,1,1,../momag-database/resultVideos/moveHalfLarge_downsize_4/mag11_texturemovebg_moveX_amp1.0_alpha16_Large.mp4,../data/VideoAccelerationResults/momag-database/large_motion_halfmag/orig11_texturemovebg_moveX_amp1.0_Large_fm_2_alpha_8_pylevel_4_kernel_INT.mp4,0.47110996666666677,0.471936,0.5213121000000001,../momag-database/resultVideos/moveHalfLarge_downsize_4/orig11_texturemovebg_moveX_amp1.0_Large.mp4,18.555024700000004,18.581989155555558,19.779723955555554,0.3366167525185186,0.3408338852222223,0.35639912396296297,,./from_ACC/large_motion_halfmag/v11_fromACChalfmag_s1_b1_w23_hm_BEST.mp4,./from_ACC/large_motion_halfmag/v11_fromACChalfmag_s1_b1_w15_hm_DEFAULT.mp4,0.49434796666666675,0.4992215000000001,0.5211101111111112,1,11,4.439232422222222,5.134415566666666,2.6775160777777773
39,4,halfmag,2,23.0,1,1,../momag-database/resultVideos/moveHalfLarge_downsize_4/mag12_plainbg_moveX_amp2.0_alpha8_Large.mp4,../data/VideoAccelerationResults/momag-database/large_motion_halfmag/orig12_plainbg_moveX_amp2.0_Large_fm_2_alpha_4_pylevel_4_kernel_INT.mp4,0.6925137111111112,0.691408588888889,0.7305675444444445,../momag-database/resultVideos/moveHalfLarge_downsize_4/orig12_plainbg_moveX_amp2.0_Large.mp4,24.316635022222233,24.328210022222226,25.35747164444445,0.47829530551851857,0.4787478253333333,0.49897575007407413,,./from_ACC/large_motion_halfmag/v12_fromACChalfmag_s1_b1_w23_hm_BEST.mp4,./from_ACC/large_motion_halfmag/v12_fromACChalfmag_s1_b1_w15_hm_DEFAULT.mp4,0.7024112888888889,0.701751211111111,0.7335883333333334,1,12,3.996091655555555,4.3083676,3.277137244444445
40,4,halfmag,2,23.0,1,1,../momag-database/resultVideos/moveHalfLarge_downsize_4/mag13_texturebg_moveX_amp2.0_alpha8_Large.mp4,../data/VideoAccelerationResults/momag-database/large_motion_halfmag/orig13_texturebg_moveX_amp2.0_Large_fm_2_alpha_4_pylevel_4_kernel_INT.mp4,0.554662,0.5561065000000001,0.5913672777777778,../momag-database/resultVideos/moveHalfLarge_downsize_4/orig13_texturebg_moveX_amp2.0_Large.mp4,19.6108144,19.68252327777778,20.899421455555558,0.4177512932222222,0.42176482607407406,0.4319617498148148,,./from_ACC/large_motion_halfmag/v13_fromACChalfmag_s1_b1_w23_hm_BEST.mp4,./from_ACC/large_motion_halfmag/v13_fromACChalfmag_s1_b1_w15_hm_DEFAULT.mp4,0.5638482777777778,0.5659066444444444,0.5915196111111111,1,13,13.474360188888886,14.32813337777778,11.299836055555554
41,4,halfmag,2,23.0,1,2,../momag-database/resultVideos/moveHalfLarge_downsize_4/mag14_texturemovebg_moveX_amp2.0_alpha8_Large.mp4,../data/VideoAccelerationResults/momag-database/large_motion_halfmag/orig14_texturemovebg_moveX_amp2.0_Large_fm_2_alpha_4_pylevel_4_kernel_INT.mp4,0.7782757111111112,0.7814475777777777,0.7865993777777779,../momag-database/resultVideos/moveHalfLarge_downsize_4/orig14_texturemovebg_moveX_amp2.0_Large.mp4,23.27738552222222,23.601004422222225,23.45472255555556,0.676683980925926,0.6908975219629628,0.6460702587777778,,./from_ACC/large_motion_halfmag/v14_fromACChalfmag_s2_b1_w23_hm_BEST.mp4,./from_ACC/large_motion_halfmag/v14_fromACChalfmag_s1_b1_w15_hm_DEFAULT.mp4,0.7322655555555556,0.7375252111111111,0.7245317222222223,1,14,51.951067611111114,55.371977699999995,42.70796763333333
42,2,halfmag,2,23.0,1,8,../momag-database/resultVideos/moveHalfLarge_downsize_4/mag15_plainbg_moveX_amp4.0_alpha4_Large.mp4,../data/VideoAccelerationResults/momag-database/large_motion_halfmag/orig15_plainbg_moveX_amp4.0_Large_fm_2_alpha_2_pylevel_4_kernel_INT.mp4,0.8928747666666667,0.8816539555555557,0.9032078333333334,../momag-database/resultVideos/moveHalfLarge_downsize_4/orig15_plainbg_moveX_amp4.0_Large.mp4,29.29125303333333,29.286189422222222,30.356875733333336,0.6138397653703703,0.6196344155555555,0.613191534888889,,./from_ACC/large_motion_halfmag/v15_fromACChalfmag_s8_b1_w23_hm_BEST.mp4,./from_ACC/large_motion_halfmag/v15_fromACChalfmag_s1_b1_w15_hm_DEFAULT.mp4,0.9012386444444443,0.8978269888888887,0.9125380000000001,1,15,4.7405885,7.942230222222221,2.3828771333333334
43,2,halfmag,2,23.0,1,1,../momag-database/resultVideos/moveHalfLarge_downsize_4/mag16_texturebg_moveX_amp4.0_alpha4_Large.mp4,../data/VideoAccelerationResults/momag-database/large_motion_halfmag/orig16_texturebg_moveX_amp4.0_Large_fm_2_alpha_2_pylevel_4_kernel_INT.mp4,0.795802611111111,0.7973768999999999,0.8233202666666666,../momag-database/resultVideos/moveHalfLarge_downsize_4/orig16_texturebg_moveX_amp4.0_Large.mp4,22.666021844444444,22.751630144444444,24.305537522222227,0.6794336265925925,0.6851490647407408,0.6906942843703704,,./from_ACC/large_motion_halfmag/v16_fromACChalfmag_s1_b1_w23_hm_BEST.mp4,./from_ACC/large_motion_halfmag/v16_fromACChalfmag_s1_b1_w15_hm_DEFAULT.mp4,0.7985627333333334,0.8019330888888889,0.8192009,1,16,44.39355353333334,45.613720533333336,42.956168644444446
44,2,halfmag,2,23.0,1,4,../momag-database/resultVideos/moveHalfLarge_downsize_4/mag17_texturemovebg_moveX_amp4.0_alpha4_Large.mp4,../data/VideoAccelerationResults/momag-database/large_motion_halfmag/orig17_texturemovebg_moveX_amp4.0_Large_fm_2_alpha_2_pylevel_4_kernel_INT.mp4,0.7914529666666666,0.7986977555555557,0.8245496777777779,../momag-database/resultVideos/moveHalfLarge_downsize_4/orig17_texturemovebg_moveX_amp4.0_Large.mp4,23.744405788888894,24.374596877777776,25.57934445555555,0.5893175105925926,0.6300356737777778,0.597418697888889,,./from_ACC/large_motion_halfmag/v17_fromACChalfmag_s4_b1_w23_hm_BEST.mp4,./from_ACC/large_motion_halfmag/v17_fromACChalfmag_s1_b1_w15_hm_DEFAULT.mp4,0.7629911333333333,0.7743781111111109,0.796628788888889,1,17,21.35084317777778,31.703115466666667,17.107762700000002
45,8,halfmag,2,7.0,1,1,../momag-database/resultVideos/moveHalfLarge_downsize_4/mag18_plainbg_moveXY_amp1.0_alpha16_Large.mp4,../data/VideoAccelerationResults/momag-database/large_motion_halfmag/orig18_plainbg_moveXY_amp1.0_Large_fm_2_alpha_8_pylevel_4_kernel_INT.mp4,0.7448783666666666,0.7478213666666668,0.7666857555555555,../momag-database/resultVideos/moveHalfLarge_downsize_4/orig18_plainbg_moveXY_amp1.0_Large.mp4,20.05148987777778,20.102870322222223,21.095325422222224,0.5147900575185186,0.514856895925926,0.5242766155185186,,./from_ACC/large_motion_halfmag/v18_fromACChalfmag_s1_b1_w7_hm_BEST.mp4,./from_ACC/large_motion_halfmag/v18_fromACChalfmag_s1_b1_w15_hm_DEFAULT.mp4,0.7898617555555556,0.7902748111111112,0.8031428333333334,1,18,0.9630050333333333,0.647451,0.3001257666666667
46,8,halfmag,2,7.0,1,1,../momag-database/resultVideos/moveHalfLarge_downsize_4/mag19_texturebg_moveXY_amp1.0_alpha16_Large.mp4,../data/VideoAccelerationResults/momag-database/large_motion_halfmag/orig19_texturebg_moveXY_amp1.0_Large_fm_2_alpha_8_pylevel_4_kernel_INT.mp4,0.6369847555555556,0.6394340555555557,0.6724634666666666,../momag-database/resultVideos/moveHalfLarge_downsize_4/orig19_texturebg_moveXY_amp1.0_Large.mp4,23.471470322222224,23.472897411111116,24.520684033333332,0.4802578584444445,0.48059798988888897,0.5008184227037037,,./from_ACC/large_motion_halfmag/v19_fromACChalfmag_s1_b1_w7_hm_BEST.mp4,./from_ACC/large_motion_halfmag/v19_fromACChalfmag_s1_b1_w15_hm_DEFAULT.mp4,0.6303955333333333,0.6331417777777778,0.6686904555555555,1,19,17.339328644444446,16.92181363333333,16.13013458888889
47,8,halfmag,2,7.0,1,1,../momag-database/resultVideos/moveHalfLarge_downsize_4/mag20_texturemovebg_moveXY_amp1.0_alpha16_Large.mp4,../data/VideoAccelerationResults/momag-database/large_motion_halfmag/orig20_texturemovebg_moveXY_amp1.0_Large_fm_2_alpha_8_pylevel_4_kernel_INT.mp4,0.6240948666666667,0.6289608333333333,0.6620704333333334,../momag-database/resultVideos/moveHalfLarge_downsize_4/orig20_texturemovebg_moveXY_amp1.0_Large.mp4,21.500652788888893,21.55958432222222,22.653632344444443,0.42729866188888893,0.42898299496296305,0.44932821848148147,,./from_ACC/large_motion_halfmag/v20_fromACChalfmag_s1_b1_w7_hm_BEST.mp4,./from_ACC/large_motion_halfmag/v20_fromACChalfmag_s1_b1_w15_hm_DEFAULT.mp4,0.6508283888888889,0.6531316777777778,0.6807375999999999,1,20,0.6972730111111111,0.4856473777777778,0.5176622111111112
48,4,halfmag,2,7.0,1,1,../momag-database/resultVideos/moveHalfLarge_downsize_4/mag21_plainbg_moveXY_amp2.0_alpha8_Large.mp4,../data/VideoAccelerationResults/momag-database/large_motion_halfmag/orig21_plainbg_moveXY_amp2.0_Large_fm_2_alpha_4_pylevel_4_kernel_INT.mp4,0.6048424555555555,0.6103382777777777,0.6373151777777778,../momag-database/resultVideos/moveHalfLarge_downsize_4/orig21_plainbg_moveXY_amp2.0_Large.mp4,20.965748088888887,21.036164033333336,21.946933211111112,0.41194514470370364,0.4147741488888889,0.43196981900000003,,./from_ACC/large_motion_halfmag/v21_fromACChalfmag_s1_b1_w7_hm_BEST.mp4,./from_ACC/large_motion_halfmag/v21_fromACChalfmag_s1_b1_w15_hm_DEFAULT.mp4,0.6230087,0.6268892555555556,0.6534295333333334,1,21,0.7984278555555554,0.7094913333333334,0.516474588888889
49,4,halfmag,2,23.0,1,1,../momag-database/resultVideos/moveHalfLarge_downsize_4/mag22_texturebg_moveXY_amp2.0_alpha8_Large.mp4,../data/VideoAccelerationResults/momag-database/large_motion_halfmag/orig22_texturebg_moveXY_amp2.0_Large_fm_2_alpha_4_pylevel_4_kernel_INT.mp4,0.5642406666666667,0.5642933555555556,0.5864126444444444,../momag-database/resultVideos/moveHalfLarge_downsize_4/orig22_texturebg_moveXY_amp2.0_Large.mp4,17.074932044444445,17.062873244444443,17.94067727777778,0.42686664444444444,0.42795719811111116,0.435315071962963,,./from_ACC/large_motion_halfmag/v22_fromACChalfmag_s1_b1_w23_hm_BEST.mp4,./from_ACC/large_motion_halfmag/v22_fromACChalfmag_s1_b1_w15_hm_DEFAULT.mp4,0.5886263111111111,0.5886599222222222,0.5973446666666666,1,22,12.773295555555556,13.091831655555557,12.218790477777778
50,4,halfmag,2,23.0,1,1,../momag-database/resultVideos/moveHalfLarge_downsize_4/mag23_texturemovebg_moveXY_amp2.0_alpha8_Large.mp4,../data/VideoAccelerationResults/momag-database/large_motion_halfmag/orig23_texturemovebg_moveXY_amp2.0_Large_fm_2_alpha_4_pylevel_4_kernel_INT.mp4,0.6678338666666667,0.6675126666666666,0.7045374555555556,../momag-database/resultVideos/moveHalfLarge_downsize_4/orig23_texturemovebg_moveXY_amp2.0_Large.mp4,20.310317700000002,20.306961977777778,21.583695233333334,0.48988971007407406,0.49239716270370365,0.5002874448148148,,./from_ACC/large_motion_halfmag/v23_fromACChalfmag_s1_b1_w23_hm_BEST.mp4,./from_ACC/large_motion_halfmag/v23_fromACChalfmag_s1_b1_w15_hm_DEFAULT.mp4,0.6711708888888889,0.6740357888888889,0.6955935999999999,1,23,13.066437466666667,13.564303255555554,10.073127888888887
51,2,halfmag,2,23.0,1,1,../momag-database/resultVideos/moveHalfLarge_downsize_4/mag24_plainbg_moveXY_amp4.0_alpha4_Large.mp4,../data/VideoAccelerationResults/momag-database/large_motion_halfmag/orig24_plainbg_moveXY_amp4.0_Large_fm_2_alpha_2_pylevel_4_kernel_INT.mp4,0.6041617333333333,0.6045634555555556,0.6381914222222222,../momag-database/resultVideos/moveHalfLarge_downsize_4/orig24_plainbg_moveXY_amp4.0_Large.mp4,22.955185733333334,22.99994947777778,24.16395995555555,0.40804910381481485,0.40877230329629627,0.43153173270370376,,./from_ACC/large_motion_halfmag/v24_fromACChalfmag_s1_b1_w23_hm_BEST.mp4,./from_ACC/large_motion_halfmag/v24_fromACChalfmag_s1_b1_w15_hm_DEFAULT.mp4,0.607910111111111,0.607231,0.6484420888888889,1,24,1.2075467,1.4522454333333334,0.7961687
52,2,halfmag,2,23.0,1,1,../momag-database/resultVideos/moveHalfLarge_downsize_4/mag25_texturebg_moveXY_amp4.0_alpha4_Large.mp4,../data/VideoAccelerationResults/momag-database/large_motion_halfmag/orig25_texturebg_moveXY_amp4.0_Large_fm_2_alpha_2_pylevel_4_kernel_INT.mp4,0.7248307222222222,0.7247732444444444,0.7382486555555557,../momag-database/resultVideos/moveHalfLarge_downsize_4/orig25_texturebg_moveXY_amp4.0_Large.mp4,19.834307477777777,19.841512388888887,21.20985923333333,0.4842088567037037,0.4849183751481481,0.4937251008518519,,./from_ACC/large_motion_halfmag/v25_fromACChalfmag_s1_b1_w23_hm_BEST.mp4,./from_ACC/large_motion_halfmag/v25_fromACChalfmag_s1_b1_w15_hm_DEFAULT.mp4,0.7199463888888888,0.7197095666666667,0.7396713888888887,1,25,0.7849459000000001,1.0272314333333332,0.3255258111111111
53,2,halfmag,2,23.0,1,1,../momag-database/resultVideos/moveHalfLarge_downsize_4/mag26_texturemovebg_moveXY_amp4.0_alpha4_Large.mp4,../data/VideoAccelerationResults/momag-database/large_motion_halfmag/orig26_texturemovebg_moveXY_amp4.0_Large_fm_2_alpha_2_pylevel_4_kernel_INT.mp4,0.5290997,0.5286769333333333,0.5668134222222221,../momag-database/resultVideos/moveHalfLarge_downsize_4/orig26_texturemovebg_moveXY_amp4.0_Large.mp4,19.44124957777778,19.452660266666665,20.823918333333335,0.3508121404444444,0.35091178681481483,0.37616017788888884,,./from_ACC/large_motion_halfmag/v26_fromACChalfmag_s1_b1_w23_hm_BEST.mp4,./from_ACC/large_motion_halfmag/v26_fromACChalfmag_s1_b1_w15_hm_DEFAULT.mp4,0.5198163,0.5192792777777778,0.5612278222222222,1,26,0.35204213333333334,0.4779149333333334,0.04392892222222222
